track_name,key,closed_key,open_key,closed_fret_shapes,closed_strings,open_strings,closed_bass,open_bass,closed_formula_scale,open_formula_scale,closed_formula_ext,open_formula_ext,closed_extension,open_extension,closed_scale_degrees,open_scale_degrees,closed_fret_numbers,open_fret_numbers,closed_notes,open_notes,closed_midi_numbers,open_midi_numbers,count
chizu,C,C,C,"-,-,-,-,-,R","-,-,-,-,-,X","O,-,-,-,-,X",4,4,1,"1,1",1,"1,1",1,1,4,"4,4","-,-,-,-,-,1","0,-,-,-,-,1","-,-,-,-,-,F4","F2,-,-,-,-,F4","-,-,-,-,-,65","41,-,-,-,-,65",1
chizu,C,C,C,"-,-,-,-,-,R","-,-,-,-,-,X","O,-,-,-,-,X",5,4,1,"1,2",1,"1,2",1,2,5,"4,5","-,-,-,-,-,3","0,-,-,-,-,3","-,-,-,-,-,G4","F2,-,-,-,-,G4","-,-,-,-,-,67","41,-,-,-,-,67",12
chizu,C,C,C,"-,-,-,-,-,R","-,-,-,-,-,X","O,-,-,-,-,X",6,4,1,"1,3",1,"1,3",1,3,6,"4,6","-,-,-,-,-,5","0,-,-,-,-,5","-,-,-,-,-,A4","F2,-,-,-,-,A4","-,-,-,-,-,69","41,-,-,-,-,69",6
chizu,C,C,C,"-,-,-,-,-,R","-,-,-,-,-,X","O,-,-,-,-,X",7,4,1,"1,4",1,"1,4",1,4,7,"4,7","-,-,-,-,-,7","0,-,-,-,-,7","-,-,-,-,-,B4","F2,-,-,-,-,B4","-,-,-,-,-,71","41,-,-,-,-,71",6
chizu,C,C,C,"-,-,-,R,-,-","-,-,-,X,-,-","O,-,-,X,-,-",7,4,1,"1,4",1,"1,11",1,11,7,"4,7","-,-,-,4,-,-","0,-,-,4,-,-","-,-,-,B3,-,-","F2,-,-,B3,-,-","-,-,-,59,-,-","41,-,-,59,-,-",11
chizu,C,C,C,"-,-,-,R,-,M","-,-,-,X,-,X","-,O,O,X,O,X",7,6,"1,6","1,4,2,3,7","1,6","1,4,9,10,14",6,14,"7,5","6,2,7,1,5","-,-,-,4,-,3","-,0,0,4,0,3","-,-,-,B3,-,G4","-,A2,D3,B3,C4,G4","-,-,-,59,-,67","-,45,50,59,60,67",8
chizu,C,C,C,"-,-,R,-,-,-","-,-,X,-,-,-","-,-,X,-,O,-",3,3,1,"1,6",1,"1,6",1,6,3,"3,1","-,-,2,-,-,-","-,-,2,-,0,-","-,-,E3,-,-,-","-,-,E3,-,C4,-","-,-,52,-,-,-","-,-,52,-,60,-",12
chizu,C,C,C,"-,-,R,-,-,-","-,-,X,-,-,-","-,-,X,O,-,-",3,3,1,"1,3",1,"1,3",1,3,3,"3,5","-,-,2,-,-,-","-,-,2,0,-,-","-,-,E3,-,-,-","-,-,E3,G3,-,-","-,-,52,-,-,-","-,-,52,55,-,-",6
chizu,C,C,C,"-,-,R,-,-,-","-,-,X,-,-,-","-,-,X,O,O,O",3,3,1,"1,3,6,1",1,"1,3,6,8",1,8,3,"3,5,1,3","-,-,2,-,-,-","-,-,2,0,0,0","-,-,E3,-,-,-","-,-,E3,G3,C4,E4","-,-,52,-,-,-","-,-,52,55,60,64",4
chizu,C,C,C,"-,-,R,-,-,P","-,-,X,-,-,X","-,-,X,-,-,X",3,3,"1,3","1,3","1,10","1,10",10,10,"3,5","3,5","-,-,2,-,-,3","-,-,2,-,-,3","-,-,E3,-,-,G4","-,-,E3,-,-,G4","-,-,52,-,-,67","-,-,52,-,-,67",6
chizu,C,C,C,"-,-,R,-,-,-","-,-,X,-,-,-","-,-,X,O,O,O",4,4,1,"1,2,5,7",1,"1,2,5,7",1,7,4,"4,5,1,3","-,-,3,-,-,-","-,-,3,0,0,0","-,-,F3,-,-,-","-,-,F3,G3,C4,E4","-,-,53,-,-,-","-,-,53,55,60,64",2
chizu,C,C,C,"-,-,R,-,-,-","-,-,X,-,-,-","O,-,X,-,-,-",4,4,1,"1,1",1,"1,8",1,8,4,"4,4","-,-,3,-,-,-","0,-,3,-,-,-","-,-,F3,-,-,-","F2,-,F3,-,-,-","-,-,53,-,-,-","41,-,53,-,-,-",2
chizu,C,C,C,"-,-,R,-,-,M","-,-,X,-,-,X","-,-,X,O,O,X",4,4,"1,1","1,2,5,1","1,8","1,2,5,8",8,8,"4,4","4,5,1,4","-,-,3,-,-,1","-,-,3,0,0,1","-,-,F3,-,-,F4","-,-,F3,G3,C4,F4","-,-,53,-,-,65","-,-,53,55,60,65",2
chizu,C,C,C,"-,-,R,-,-,R","-,-,X,-,-,X","-,-,X,O,O,X",4,4,"1,2","1,2,5,2","1,9","1,2,5,9",9,9,"4,5","4,5,1,5","-,-,3,-,-,3","-,-,3,0,0,3","-,-,F3,-,-,G4","-,-,F3,G3,C4,G4","-,-,53,-,-,67","-,-,53,55,60,67",6
chizu,C,C,C,"-,-,R,-,P,-","-,-,X,-,X,-","-,O,X,O,X,O",4,6,"1,7","1,6,7,5,5","1,7","1,6,7,12,12",7,12,"4,3","6,4,5,3,3","-,-,3,-,4,-","-,0,3,0,4,0","-,-,F3,-,E4,-","-,A2,F3,G3,E4,E4","-,-,53,-,64,-","-,45,53,55,64,64",4
chizu,C,C,C,"-,-,R,M,-,-","-,-,X,X,-,-","-,O,X,X,O,O",5,6,"1,3","1,7,2,3,5","1,3","1,7,9,10,12",3,12,"5,7","6,5,7,1,3","-,-,5,4,-,-","-,0,5,4,0,0","-,-,G3,B3,-,-","-,A2,G3,B3,C4,E4","-,-,55,59,-,-","-,45,55,59,60,64",12
chizu,C,C,C,"-,-,R,R,-,-","-,-,X,X,-,-","-,O,X,X,O,O",5,6,"1,4","1,7,3,3,5","1,4","1,7,10,10,12",4,12,"5,1","6,5,1,1,3","-,-,5,5,-,-","-,0,5,5,0,0","-,-,G3,C4,-,-","-,A2,G3,C4,C4,E4","-,-,55,60,-,-","-,45,55,60,60,64",19
chizu,C,C,C,"-,-,R,R,-,-","-,-,X,X,-,-","-,O,X,X,O,O",6,6,"1,4","1,1,4,3,5","1,4","1,8,11,10,12",4,12,"6,2","6,6,2,1,3","-,-,7,7,-,-","-,0,7,7,0,0","-,-,A3,D4,-,-","-,A2,A3,D4,C4,E4","-,-,57,62,-,-","-,45,57,62,60,64",4
chizu,C,C,C,"-,R,-,-,-,-","-,X,-,-,-,-","-,X,-,O,-,-",1,1,1,"1,5",1,"1,5",1,5,1,"1,5","-,3,-,-,-,-","-,3,-,0,-,-","-,C3,-,-,-,-","-,C3,-,G3,-,-","-,48,-,-,-,-","-,48,-,55,-,-",12
chizu,C,C,C,"-,R,-,-,-,-","-,X,-,-,-,-","-,X,O,O,O,O",1,1,1,"1,2,5,1,3",1,"1,2,5,8,10",1,10,1,"1,2,5,1,3","-,3,-,-,-,-","-,3,0,0,0,0","-,C3,-,-,-,-","-,C3,D3,G3,C4,E4","-,48,-,-,-,-","-,48,50,55,60,64",58
chizu,C,C,C,"-,R,-,-,-,R","-,X,-,-,-,X","-,X,O,O,O,X",1,1,"1,5","1,2,5,1,5","1,12","1,2,5,8,12",12,12,"1,5","1,2,5,1,5","-,3,-,-,-,3","-,3,0,0,0,3","-,C3,-,-,-,G4","-,C3,D3,G3,C4,G4","-,48,-,-,-,67","-,48,50,55,60,67",6
chizu,C,C,C,"-,R,-,-,M,-","-,X,-,-,X,-","-,X,-,-,X,-",1,1,"1,2","1,2","1,9","1,9",9,9,"1,2","1,2","-,3,-,-,2,-","-,3,-,-,2,-","-,C3,-,-,D4,-","-,C3,-,-,D4,-","-,48,-,-,62,-","-,48,-,-,62,-",6
chizu,C,C,C,"-,R,-,-,P,-","-,X,-,-,X,-","-,X,-,-,X,-",1,1,"1,3","1,3","1,10","1,10",10,10,"1,3","1,3","-,3,-,-,4,-","-,3,-,-,4,-","-,C3,-,-,E4,-","-,C3,-,-,E4,-","-,48,-,-,64,-","-,48,-,-,64,-",6
chizu,C,C,C,"-,R,-,-,P,-","-,X,-,-,X,-","-,X,O,O,X,O",1,1,"1,3","1,2,5,3,3","1,10","1,2,5,10,10",10,10,"1,3","1,2,5,3,3","-,3,-,-,4,-","-,3,0,0,4,0","-,C3,-,-,E4,-","-,C3,D3,G3,E4,E4","-,48,-,-,64,-","-,48,50,55,64,64",5
chizu,C,C,C,"-,R,-,P,P,-","-,X,-,X,X,-","-,X,O,X,X,-",1,1,"1,7,3","1,2,7,3","1,7,10","1,2,7,10",10,10,"1,7,3","1,2,7,3","-,3,-,4,4,-","-,3,0,4,4,-","-,C3,-,B3,E4,-","-,C3,D3,B3,E4,-","-,48,-,59,64,-","-,48,50,59,64,-",6
chizu,C,C,C,"-,R,R,-,-,-","-,X,X,-,-,-","-,X,X,O,O,O",1,1,"1,4","1,4,5,1,3","1,4","1,4,5,8,10",4,10,"1,4","1,4,5,1,3","-,3,3,-,-,-","-,3,3,0,0,0","-,C3,F3,-,-,-","-,C3,F3,G3,C4,E4","-,48,53,-,-,-","-,48,53,55,60,64",37
chizu,C,C,C,"-,R,R,-,-,-","-,X,X,-,-,-","O,X,X,O,O,O",1,4,"1,4","1,5,1,2,5,7","1,4","1,5,8,9,12,14",4,14,"1,4","4,1,4,5,1,3","-,3,3,-,-,-","0,3,3,0,0,0","-,C3,F3,-,-,-","F2,C3,F3,G3,C4,E4","-,48,53,-,-,-","41,48,53,55,60,64",10
chizu,C,C,C,"-,R,R,-,M,-","-,X,X,-,X,-","-,X,X,O,X,O",1,1,"1,4,2","1,4,5,2,3","1,4,9","1,4,5,9,10",9,10,"1,4,2","1,4,5,2,3","-,3,3,-,2,-","-,3,3,0,2,0","-,C3,F3,-,D4,-","-,C3,F3,G3,D4,E4","-,48,53,-,62,-","-,48,53,55,62,64",12
chizu,C,C,C,"-,R,R,-,P,-","-,X,X,-,X,-","-,X,X,O,X,O",1,1,"1,4,3","1,4,5,3,3","1,4,10","1,4,5,10,10",10,10,"1,4,3","1,4,5,3,3","-,3,3,-,4,-","-,3,3,0,4,0","-,C3,F3,-,E4,-","-,C3,F3,G3,E4,E4","-,48,53,-,64,-","-,48,53,55,64,64",24
chizu,C,C,C,"-,R,R,M,-,-","-,X,X,X,-,-","-,X,X,X,O,O",1,1,"1,4,6","1,4,6,1,3","1,4,6","1,4,6,8,10",6,10,"1,4,6","1,4,6,1,3","-,3,3,2,-,-","-,3,3,2,0,0","-,C3,F3,A3,-,-","-,C3,F3,A3,C4,E4","-,48,53,57,-,-","-,48,53,57,60,64",2
chizu,C,C,C,"-,R,R,P,-,-","-,X,X,X,-,-","-,X,X,X,O,O",1,1,"1,4,7","1,4,7,1,3","1,4,7","1,4,7,8,10",7,10,"1,4,7","1,4,7,1,3","-,3,3,4,-,-","-,3,3,4,0,0","-,C3,F3,B3,-,-","-,C3,F3,B3,C4,E4","-,48,53,59,-,-","-,48,53,59,60,64",2
chizu,C,C,C,"-,R,-,-,-,-","-,X,-,-,-,-","-,X,O,O,O,O",2,2,1,"1,1,4,7,2",1,"1,1,4,7,9",1,9,2,"2,2,5,1,3","-,5,-,-,-,-","-,5,0,0,0,0","-,D3,-,-,-,-","-,D3,D3,G3,C4,E4","-,50,-,-,-,-","-,50,50,55,60,64",3
chizu,C,C,C,"-,R,-,-,-,-","-,X,-,-,-,-","O,X,O,O,O,O",2,4,1,"1,6,6,2,5,7",1,"1,6,6,9,12,14",1,14,2,"4,2,2,5,1,3","-,5,-,-,-,-","0,5,0,0,0,0","-,D3,-,-,-,-","F2,D3,D3,G3,C4,E4","-,50,-,-,-,-","41,50,50,55,60,64",1
chizu,C,C,C,"-,R,-,-,R,-","-,X,-,-,X,-","-,X,O,O,X,O",2,2,"1,3","1,1,4,3,2","1,10","1,1,4,10,9",10,9,"2,4","2,2,5,4,3","-,5,-,-,5,-","-,5,0,0,5,0","-,D3,-,-,F4,-","-,D3,D3,G3,F4,E4","-,50,-,-,65,-","-,50,50,55,65,64",9
chizu,C,C,C,"-,R,-,R,R,-","-,X,-,X,X,-","-,X,O,X,X,O",2,2,"1,7,3","1,1,7,3,2","1,7,10","1,1,7,10,9",10,9,"2,1,4","2,2,1,4,3","-,5,-,5,5,-","-,5,0,5,5,0","-,D3,-,C4,F4,-","-,D3,D3,C4,F4,E4","-,50,-,60,65,-","-,50,50,60,65,64",3
chizu,C,C,C,"-,R,-,-,-,-","-,X,-,-,-,-","-,X,-,O,O,O",3,3,1,"1,3,6,1",1,"1,3,6,8",1,8,3,"3,5,1,3","-,7,-,-,-,-","-,7,-,0,0,0","-,E3,-,-,-,-","-,E3,-,G3,C4,E4","-,52,-,-,-,-","-,52,-,55,60,64",72
chizu,C,C,C,"-,R,-,-,-,-","-,X,-,-,-,-","-,X,O,O,O,O",3,3,1,"1,7,3,6,1",1,"1,14,3,6,8",1,8,3,"3,2,5,1,3","-,7,-,-,-,-","-,7,0,0,0,0","-,E3,-,-,-,-","-,E3,D3,G3,C4,E4","-,52,-,-,-,-","-,52,50,55,60,64",37
chizu,C,C,C,"-,R,-,-,-,-","-,X,-,-,-,-","O,X,O,O,O,O",3,4,1,"1,7,6,2,5,7",1,"1,7,6,9,12,14",1,14,3,"4,3,2,5,1,3","-,7,-,-,-,-","0,7,0,0,0,0","-,E3,-,-,-,-","F2,E3,D3,G3,C4,E4","-,52,-,-,-,-","41,52,50,55,60,64",3
chizu,C,C,C,"-,R,-,-,-,R","-,X,-,-,-,X","-,X,-,O,O,X",3,3,"1,5","1,3,6,5","1,12","1,3,6,12",12,12,"3,7","3,5,1,7","-,7,-,-,-,7","-,7,-,0,0,7","-,E3,-,-,-,B4","-,E3,-,G3,C4,B4","-,52,-,-,-,71","-,52,-,55,60,71",24
chizu,C,C,C,"-,R,-,-,-,R","-,X,-,-,-,X","-,X,O,O,O,X",3,3,"1,5","1,7,3,6,5","1,12","1,14,3,6,12",12,12,"3,7","3,2,5,1,7","-,7,-,-,-,7","-,7,0,0,0,7","-,E3,-,-,-,B4","-,E3,D3,G3,C4,B4","-,52,-,-,-,71","-,52,50,55,60,71",2
chizu,C,C,C,"-,R,-,-,R,-","-,X,-,-,X,-","-,X,O,O,X,O",3,3,"1,3","1,7,3,3,1","1,10","1,14,3,10,8",10,8,"3,5","3,2,5,5,3","-,7,-,-,7,-","-,7,0,0,7,0","-,E3,-,-,G4,-","-,E3,D3,G3,G4,E4","-,52,-,-,67,-","-,52,50,55,67,64",17
chizu,C,C,C,"-,R,-,R,-,-","-,X,-,X,-,-","-,X,-,X,-,-",3,3,"1,7","1,7","1,7","1,7",7,7,"3,2","3,2","-,7,-,7,-,-","-,7,-,7,-,-","-,E3,-,D4,-,-","-,E3,-,D4,-,-","-,52,-,62,-,-","-,52,-,62,-,-",24
chizu,C,C,C,"-,R,-,R,-,-","-,X,-,X,-,-","-,X,O,X,O,O",3,3,"1,7","1,7,7,6,1","1,7","1,14,7,6,8",7,8,"3,2","3,2,2,1,3","-,7,-,7,-,-","-,7,0,7,0,0","-,E3,-,D4,-,-","-,E3,D3,D4,C4,E4","-,52,-,62,-,-","-,52,50,62,60,64",77
chizu,C,C,C,"-,R,-,R,-,-","-,X,-,X,-,-","O,X,O,X,O,O",3,4,"1,7","1,7,6,6,5,7","1,7","1,7,6,13,12,14",7,14,"3,2","4,3,2,2,1,3","-,7,-,7,-,-","0,7,0,7,0,0","-,E3,-,D4,-,-","F2,E3,D3,D4,C4,E4","-,52,-,62,-,-","41,52,50,62,60,64",3
chizu,C,C,C,"-,R,-,R,R,-","-,X,-,X,X,-","-,X,O,X,X,O",3,3,"1,7,3","1,7,7,3,1","1,7,10","1,14,7,10,8",10,8,"3,2,5","3,2,2,5,3","-,7,-,7,7,-","-,7,0,7,7,0","-,E3,-,D4,G4,-","-,E3,D3,D4,G4,E4","-,52,-,62,67,-","-,52,50,62,67,64",5
chizu,C,C,C,"-,R,-,-,-,-","-,X,-,-,-,-","-,X,-,O,O,-",4,4,1,"1,2,5",1,"1,2,5",1,5,4,"4,5,1","-,8,-,-,-,-","-,8,-,0,0,-","-,F3,-,-,-,-","-,F3,-,G3,C4,-","-,53,-,-,-,-","-,53,-,55,60,-",72
chizu,C,C,C,"-,R,-,-,-,-","-,X,-,-,-,-","-,X,O,O,O,O",4,4,1,"1,6,2,5,7",1,"1,13,2,5,7",1,7,4,"4,2,5,1,3","-,8,-,-,-,-","-,8,0,0,0,0","-,F3,-,-,-,-","-,F3,D3,G3,C4,E4","-,53,-,-,-,-","-,53,50,55,60,64",4
chizu,C,C,C,"-,R,-,-,-,R","-,X,-,-,-,X","-,X,O,O,O,X",4,4,"1,5","1,6,2,5,5","1,12","1,13,2,5,12",12,12,"4,1","4,2,5,1,1","-,8,-,-,-,8","-,8,0,0,0,8","-,F3,-,-,-,C5","-,F3,D3,G3,C4,C5","-,53,-,-,-,72","-,53,50,55,60,72",2
chizu,C,C,C,"-,R,-,-,M,-","-,X,-,-,X,-","-,X,-,O,X,-",4,4,"1,2","1,2,2","1,9","1,2,9",9,9,"4,5","4,5,5","-,8,-,-,7,-","-,8,-,0,7,-","-,F3,-,-,G4,-","-,F3,-,G3,G4,-","-,53,-,-,67,-","-,53,-,55,67,-",24
chizu,C,C,C,"-,R,-,-,M,-","-,X,-,-,X,-","-,X,O,O,X,O",4,4,"1,2","1,6,2,2,7","1,9","1,13,2,9,7",9,7,"4,5","4,2,5,5,3","-,8,-,-,7,-","-,8,0,0,7,0","-,F3,-,-,G4,-","-,F3,D3,G3,G4,E4","-,53,-,-,67,-","-,53,50,55,67,64",4
chizu,C,C,C,"-,R,-,M,-,-","-,X,-,X,-,-","-,X,O,X,O,O",4,4,"1,6","1,6,6,5,7","1,6","1,13,6,5,7",6,7,"4,2","4,2,2,1,3","-,8,-,7,-,-","-,8,0,7,0,0","-,F3,-,D4,-,-","-,F3,D3,D4,C4,E4","-,53,-,62,-,-","-,53,50,62,60,64",2
chizu,C,C,C,"-,R,-,P,-,-","-,X,-,X,-,-","-,X,-,X,-,-",4,4,"1,7","1,7","1,7","1,7",7,7,"4,3","4,3","-,8,-,9,-,-","-,8,-,9,-,-","-,F3,-,E4,-,-","-,F3,-,E4,-,-","-,53,-,64,-,-","-,53,-,64,-,-",24
chizu,C,C,C,"-,R,-,P,-,-","-,X,-,X,-,-","-,X,O,X,O,O",4,4,"1,7","1,6,7,5,7","1,7","1,13,7,5,7",7,7,"4,3","4,2,3,1,3","-,8,-,9,-,-","-,8,0,9,0,0","-,F3,-,E4,-,-","-,F3,D3,E4,C4,E4","-,53,-,64,-,-","-,53,50,64,60,64",83
chizu,C,C,C,"-,R,-,P,M,-","-,X,-,X,X,-","-,X,O,X,X,O",4,4,"1,7,2","1,6,7,2,7","1,7,9","1,13,7,9,7",9,7,"4,3,5","4,2,3,5,3","-,8,-,9,7,-","-,8,0,9,7,0","-,F3,-,E4,G4,-","-,F3,D3,E4,G4,E4","-,53,-,64,67,-","-,53,50,64,67,64",24
chizu,C,C,C,"-,R,-,-,-,-","-,X,-,-,-,-","-,X,O,O,O,O",4#,4#,1#,"1#,6,2,5,7",1#,"1#,13,2,5,7",1#,7,4#,"4#,2,5,1,3","-,9,-,-,-,-","-,9,0,0,0,0","-,F#3,-,-,-,-","-,F#3,D3,G3,C4,E4","-,54,-,-,-,-","-,54,50,55,60,64",3
chizu,C,C,C,"-,R,-,-,-,-","-,X,-,-,-,-","O,X,O,O,O,O",4#,4,1#,"1,1#,6,2,5,7",1#,"1,8#,6,9,12,14",1#,14,4#,"4,4#,2,5,1,3","-,9,-,-,-,-","0,9,0,0,0,0","-,F#3,-,-,-,-","F2,F#3,D3,G3,C4,E4","-,54,-,-,-,-","41,54,50,55,60,64",1
chizu,C,C,C,"-,R,-,-,R,-","-,X,-,-,X,-","-,X,O,O,X,O",4#,4#,"1#,3","1#,6,2,3,7","1#,10","1#,13,2,10,7",10,7,"4#,6","4#,2,5,6,3","-,9,-,-,9,-","-,9,0,0,9,0","-,F#3,-,-,A4,-","-,F#3,D3,G3,A4,E4","-,54,-,-,69,-","-,54,50,55,69,64",9
chizu,C,C,C,"-,R,-,-,R,-","-,X,-,-,X,-","O,X,O,O,X,O",4#,4,"1#,3","1,1#,6,2,3,7","1#,10","1,8#,6,9,3,14",10,14,"4#,6","4,4#,2,5,6,3","-,9,-,-,9,-","0,9,0,0,9,0","-,F#3,-,-,A4,-","F2,F#3,D3,G3,A4,E4","-,54,-,-,69,-","41,54,50,55,69,64",3
chizu,C,C,C,"-,R,-,R,M,-","-,X,-,X,X,-","-,X,O,X,X,O",4#,4#,"1#,7,2","1#,6,7,2,7","1#,7,9","1#,13,7,9,7",9,7,"4#,3,5","4#,2,3,5,3","-,9,-,9,7,-","-,9,0,9,7,0","-,F#3,-,E4,G4,-","-,F#3,D3,E4,G4,E4","-,54,-,64,67,-","-,54,50,64,67,64",28
chizu,C,C,C,"-,R,-,R,R,-","-,X,-,X,X,-","-,X,O,X,X,O",4#,4#,"1#,7,3","1#,6,7,3,7","1#,7,10","1#,13,7,10,7",10,7,"4#,3,6","4#,2,3,6,3","-,9,-,9,9,-","-,9,0,9,9,0","-,F#3,-,E4,A4,-","-,F#3,D3,E4,A4,E4","-,54,-,64,69,-","-,54,50,64,69,64",29
chizu,C,C,C,"R,-,-,-,-,-","X,-,-,-,-,-","X,-,-,-,-,O",5,5,1,"1,6",1,"1,13",1,13,5,"5,3","2,-,-,-,-,-","2,-,-,-,-,0","G2,-,-,-,-,-","G2,-,-,-,-,E4","43,-,-,-,-,-","43,-,-,-,-,64",6
chizu,C,C,C,"R,-,-,-,-,-","X,-,-,-,-,-","X,-,-,-,O,-",5,5,1,"1,4",1,"1,11",1,11,5,"5,1","2,-,-,-,-,-","2,-,-,-,0,-","G2,-,-,-,-,-","G2,-,-,-,C4,-","43,-,-,-,-,-","43,-,-,-,60,-",12
chizu,C,C,C,"R,-,-,P,-,-","X,-,-,X,-,-","X,-,-,X,-,-",5,5,"1,3","1,3","1,10","1,10",10,10,"5,7","5,7","2,-,-,4,-,-","2,-,-,4,-,-","G2,-,-,B3,-,-","G2,-,-,B3,-,-","43,-,-,59,-,-","43,-,-,59,-,-",15
chizu,C,C,C,"R,P,-,PP,-,-","X,X,-,X,-,-","X,X,O,X,-,-",5,5,"1,4,3","1,4,5,3","1,4,10","1,4,5,10",10,10,"5,1,7","5,1,2,7","2,3,-,4,-,-","2,3,0,4,-,-","G2,C3,-,B3,-,-","G2,C3,D3,B3,-,-","43,48,-,59,-,-","43,48,50,59,-,-",20
chizu,C,C,C,"R,P,-,PP,-,-","X,X,-,X,-,-","X,X,O,X,O,O",5,5,"1,4,3","1,4,5,3,4,6","1,4,10","1,4,5,10,11,13",10,13,"5,1,7","5,1,2,7,1,3","2,3,-,4,-,-","2,3,0,4,0,0","G2,C3,-,B3,-,-","G2,C3,D3,B3,C4,E4","43,48,-,59,-,-","43,48,50,59,60,64",2
chizu,C,C,C,"R,-,-,-,-,-","X,-,-,-,-,-","X,-,-,-,O,-",6,6,1,"1,3",1,"1,10",1,10,6,"6,1","4,-,-,-,-,-","4,-,-,-,0,-","A2,-,-,-,-,-","A2,-,-,-,C4,-","45,-,-,-,-,-","45,-,-,-,60,-",3
chizu,C,C,C,"R,-,-,-,-,-","X,-,-,-,-,-","X,-,-,O,-,-",6,6,1,"1,7",1,"1,7",1,7,6,"6,5","4,-,-,-,-,-","4,-,-,0,-,-","A2,-,-,-,-,-","A2,-,-,G3,-,-","45,-,-,-,-,-","45,-,-,55,-,-",12
chizu,C,C,C,"R,-,-,-,-,-","X,-,-,-,-,-","X,O,O,O,O,O",6,6,1,"1,1,4,7,3,5",1,"1,1,4,7,10,12",1,12,6,"6,6,2,5,1,3","4,-,-,-,-,-","4,0,0,0,0,0","A2,-,-,-,-,-","A2,A2,D3,G3,C4,E4","45,-,-,-,-,-","45,45,50,55,60,64",4
chizu,C,C,C,"R,-,-,-,M,-","X,-,-,-,X,-","X,-,-,-,X,-",6,6,"1,4","1,4","1,11","1,11",11,11,"6,2","6,2","4,-,-,-,2,-","4,-,-,-,2,-","A2,-,-,-,D4,-","A2,-,-,-,D4,-","45,-,-,-,62,-","45,-,-,-,62,-",6
chizu,C,C,C,"R,-,-,-,M,-","X,-,-,-,X,-","X,O,O,O,X,O",6,6,"1,4","1,1,4,7,4,5","1,11","1,1,4,7,11,12",11,12,"6,2","6,6,2,5,2,3","4,-,-,-,2,-","4,0,0,0,2,0","A2,-,-,-,D4,-","A2,A2,D3,G3,D4,E4","45,-,-,-,62,-","45,45,50,55,62,64",4
chizu,C,C,C,"R,-,-,-,R,-","X,-,-,-,X,-","X,-,-,-,X,-",6,6,"1,5","1,5","1,12","1,12",12,12,"6,3","6,3","4,-,-,-,4,-","4,-,-,-,4,-","A2,-,-,-,E4,-","A2,-,-,-,E4,-","45,-,-,-,64,-","45,-,-,-,64,-",3
chizu,C,C,C,"R,-,-,-,R,-","X,-,-,-,X,-","X,O,O,O,X,O",6,6,"1,5","1,1,4,7,5,5","1,12","1,1,4,7,12,12",12,12,"6,3","6,6,2,5,3,3","4,-,-,-,4,-","4,0,0,0,4,0","A2,-,-,-,E4,-","A2,A2,D3,G3,E4,E4","45,-,-,-,64,-","45,45,50,55,64,64",4
chizu,C,C,C,"R,-,-,R,-,-","X,-,-,X,-,-","X,O,O,X,O,O",6,6,"1,2","1,1,4,2,3,5","1,9","1,1,4,9,10,12",9,12,"6,7","6,6,2,7,1,3","4,-,-,4,-,-","4,0,0,4,0,0","A2,-,-,B3,-,-","A2,A2,D3,B3,C4,E4","45,-,-,59,-,-","45,45,50,59,60,64",6
chizu,C,C,C,"R,-,-,P,-,-","X,-,-,X,-,-","X,O,O,X,O,O",6,6,"1,3","1,1,4,3,3,5","1,10","1,1,4,10,10,12",10,12,"6,1","6,6,2,1,1,3","4,-,-,5,-,-","4,0,0,5,0,0","A2,-,-,C4,-,-","A2,A2,D3,C4,C4,E4","45,-,-,60,-,-","45,45,50,60,60,64",11
chizu,C,C,C,"R,-,-,R,-,-","X,-,-,X,-,-","X,O,O,X,O,O",1,1,"1,2","1,6,2,2,1,3","1,9","1,13,2,9,8,10",9,10,"1,2","1,6,2,2,1,3","7,-,-,7,-,-","7,0,0,7,0,0","C3,-,-,D4,-,-","C3,A2,D3,D4,C4,E4","48,-,-,62,-,-","48,45,50,62,60,64",4
daihachi,C,C,C,"-,-,-,R,-,-","-,-,-,X,-,-","-,O,O,X,O,-",6,6,1,"1,4,1,3",1,"1,4,8,10",1,10,6,"6,2,6,1","-,-,-,2,-,-","-,0,0,2,0,-","-,-,-,A3,-,-","-,A2,D3,A3,C4,-","-,-,-,57,-,-","-,45,50,57,60,-",1
daihachi,C,C,C,"-,-,R,R,-,-","-,-,X,X,-,-","-,O,X,X,-,-",2,6,"1,4","1,4,7","1,4","1,11,14",4,14,"2,5","6,2,5","-,-,12,12,-,-","-,0,12,12,-,-","-,-,D4,G4,-,-","-,A2,D4,G4,-,-","-,-,62,67,-,-","-,45,62,67,-,-",17
daihachi,C,C,C,"-,-,R,R,-,-","-,-,X,X,-,-","-,O,X,X,-,-",3,6,"1,4","1,5,1","1,4","1,12,1",4,1,"3,6","6,3,6","-,-,14,14,-,-","-,0,14,14,-,-","-,-,E4,A4,-,-","-,A2,E4,A4,-,-","-,-,64,69,-,-","-,45,64,69,-,-",2
daihachi,C,C,C,"-,-,R,-,-,-","-,-,X,-,-,-","O,O,X,O,O,O",3,4,1,"1,3,7,2,5,7",1,"1,3,7,9,12,14",1,14,3,"4,6,3,5,1,3","-,-,2,-,-,-","0,0,2,0,0,0","-,-,E3,-,-,-","F2,A2,E3,G3,C4,E4","-,-,52,-,-,-","41,45,52,55,60,64",6
daihachi,C,C,C,"-,-,R,R,-,-","-,-,X,X,-,-","O,O,X,X,O,O",3,4,"1,4","1,3,7,3,5,7","1,4","1,3,7,10,12,14",4,14,"3,6","4,6,3,6,1,3","-,-,2,2,-,-","0,0,2,2,0,0","-,-,E3,A3,-,-","F2,A2,E3,A3,C4,E4","-,-,52,57,-,-","41,45,52,57,60,64",6
daihachi,C,C,C,"-,-,R,-,-,M","-,-,X,-,-,X","O,O,X,O,O,X",5,4,"1,1","1,3,2,2,5,2","1,8","1,3,9,9,12,2",8,2,"5,5","4,6,5,5,1,5","-,-,5,-,-,3","0,0,5,0,0,3","-,-,G3,-,-,G4","F2,A2,G3,G3,C4,G4","-,-,55,-,-,67","41,45,55,55,60,67",10
daihachi,C,C,C,"-,-,R,-,M,-","-,-,X,-,X,-","O,O,X,O,X,O",5,4,"1,6","1,3,2,2,7,7","1,6","1,3,9,9,14,14",6,14,"5,3","4,6,5,5,3,3","-,-,5,-,4,-","0,0,5,0,4,0","-,-,G3,-,E4,-","F2,A2,G3,G3,E4,E4","-,-,55,-,64,-","41,45,55,55,64,64",7
daihachi,C,C,C,"-,-,R,M,-,-","-,-,X,X,-,-","-,O,X,X,-,-",5,6,"1,3","1,7,2","1,3","1,7,9",3,9,"5,7","6,5,7","-,-,5,4,-,-","-,0,5,4,-,-","-,-,G3,B3,-,-","-,A2,G3,B3,-,-","-,-,55,59,-,-","-,45,55,59,-,-",3
daihachi,C,C,C,"-,-,R,M,-,-","-,-,X,X,-,-","O,O,X,X,O,O",5,4,"1,3","1,3,2,4,5,7","1,3","1,3,9,11,12,14",3,14,"5,7","4,6,5,7,1,3","-,-,5,4,-,-","0,0,5,4,0,0","-,-,G3,B3,-,-","F2,A2,G3,B3,C4,E4","-,-,55,59,-,-","41,45,55,59,60,64",7
daihachi,C,C,C,"-,-,R,M,-,MM","-,-,X,X,-,X","-,-,X,X,O,X",5,5,"1,3,1","1,3,4,1","1,3,8","1,3,4,8",8,8,"5,7,5","5,7,1,5","-,-,5,4,-,3","-,-,5,4,0,3","-,-,G3,B3,-,G4","-,-,G3,B3,C4,G4","-,-,55,59,-,67","-,-,55,59,60,67",5
daihachi,C,C,C,"-,-,R,R,-,-","-,-,X,X,-,-","-,O,X,X,-,-",5,6,"1,4","1,7,3","1,4","1,7,10",4,10,"5,1","6,5,1","-,-,5,5,-,-","-,0,5,5,-,-","-,-,G3,C4,-,-","-,A2,G3,C4,-,-","-,-,55,60,-,-","-,45,55,60,-,-",10
daihachi,C,C,C,"-,-,R,R,-,-","-,-,X,X,-,-","O,O,X,X,O,O",5,4,"1,4","1,3,2,5,5,7","1,4","1,3,9,12,12,14",4,14,"5,1","4,6,5,1,1,3","-,-,5,5,-,-","0,0,5,5,0,0","-,-,G3,C4,-,-","F2,A2,G3,C4,C4,E4","-,-,55,60,-,-","41,45,55,60,60,64",21
daihachi,C,C,C,"-,-,R,R,-,M","-,-,X,X,-,X","O,O,X,X,O,X",5,4,"1,4,1","1,3,2,5,5,2","1,4,8","1,3,9,12,12,2",8,2,"5,1,5","4,6,5,1,1,5","-,-,5,5,-,3","0,0,5,5,0,3","-,-,G3,C4,-,G4","F2,A2,G3,C4,C4,G4","-,-,55,60,-,67","41,45,55,60,60,67",2
daihachi,C,C,C,"-,-,R,R,-,-","-,-,X,X,-,-","-,O,X,X,-,-",6,6,"1,4","1,1,4","1,4","1,8,11",4,11,"6,2","6,6,2","-,-,7,7,-,-","-,0,7,7,-,-","-,-,A3,D4,-,-","-,A2,A3,D4,-,-","-,-,57,62,-,-","-,45,57,62,-,-",6
daihachi,C,C,C,"-,-,R,M,-,-","-,-,X,X,-,-","O,O,X,X,O,O",7,4,"1,3","1,3,4,6,5,7","1,3","1,3,11,13,12,14",3,14,"7,2","4,6,7,2,1,3","-,-,9,7,-,-","0,0,9,7,0,0","-,-,B3,D4,-,-","F2,A2,B3,D4,C4,E4","-,-,59,62,-,-","41,45,59,62,60,64",8
daihachi,C,C,C,"-,-,R,R,-,-","-,-,X,X,-,-","-,O,X,X,-,-",7,6,"1,4","1,2,5","1,4","1,9,12",4,12,"7,3","6,7,3","-,-,9,9,-,-","-,0,9,9,-,-","-,-,B3,E4,-,-","-,A2,B3,E4,-,-","-,-,59,64,-,-","-,45,59,64,-,-",12
daihachi,C,C,C,"-,-,R,R,-,-","-,-,X,X,-,-","O,O,X,X,O,O",7,4,"1,4","1,3,4,7,5,7","1,4","1,3,11,14,12,14",4,14,"7,3","4,6,7,3,1,3","-,-,9,9,-,-","0,0,9,9,0,0","-,-,B3,E4,-,-","F2,A2,B3,E4,C4,E4","-,-,59,64,-,-","41,45,59,64,60,64",4
daihachi,C,C,C,"-,-,R,R,-,P","-,-,X,X,-,X","O,-,X,X,-,X",7,4,"1,4,3","1,4,7,6","1,4,10","1,11,14,6",10,6,"7,3,2","4,7,3,2","-,-,9,9,-,10","0,-,9,9,-,10","-,-,B3,E4,-,D5","F2,-,B3,E4,-,D5","-,-,59,64,-,74","41,-,59,64,-,74",20
daihachi,C,C,C,"-,-,R,R,M,-","-,-,X,X,X,-","O,O,X,X,X,O",7,4,"1,4,6","1,3,4,7,2,7","1,4,6","1,3,11,14,2,14",6,14,"7,3,5","4,6,7,3,5,3","-,-,9,9,7,-","0,0,9,9,7,0","-,-,B3,E4,G4,-","F2,A2,B3,E4,G4,E4","-,-,59,64,67,-","41,45,59,64,67,64",12
daihachi,C,C,C,"-,R,-,-,-,-","-,X,-,-,-,-","O,X,-,-,-,-",5,4,1,"1,2",1,"1,9",1,9,5,"4,5","-,10,-,-,-,-","0,10,-,-,-,-","-,G3,-,-,-,-","F2,G3,-,-,-,-","-,55,-,-,-,-","41,55,-,-,-,-",4
daihachi,C,C,C,"-,R,-,-,-,-","-,X,-,-,-,-","O,X,-,O,-,-",5,4,1,"1,2,2",1,"1,9,9",1,9,5,"4,5,5","-,10,-,-,-,-","0,10,-,0,-,-","-,G3,-,-,-,-","F2,G3,-,G3,-,-","-,55,-,-,-,-","41,55,-,55,-,-",2
daihachi,C,C,C,"-,R,-,P,-,-","-,X,-,X,-,-","-,X,-,X,O,O",5,5,"1,1","1,1,4,6","1,8","1,8,4,6",8,6,"5,5","5,5,1,3","-,10,-,12,-,-","-,10,-,12,0,0","-,G3,-,G4,-,-","-,G3,-,G4,C4,E4","-,55,-,67,-,-","-,55,-,67,60,64",2
daihachi,C,C,C,"-,R,-,P,-,-","-,X,-,X,-,-","O,X,-,X,-,-",5,4,"1,1","1,2,2","1,8","1,9,2",8,2,"5,5","4,5,5","-,10,-,12,-,-","0,10,-,12,-,-","-,G3,-,G4,-,-","F2,G3,-,G4,-,-","-,55,-,67,-,-","41,55,-,67,-,-",12
daihachi,C,C,C,"-,R,-,PP,P,-","-,X,-,X,X,-","O,X,-,X,X,-",5,4,"1,1,3","1,2,2,4","1,8,10","1,9,2,4",10,4,"5,5,7","4,5,5,7","-,10,-,12,11,-","0,10,-,12,11,-","-,G3,-,G4,B4,-","F2,G3,-,G4,B4,-","-,55,-,67,71,-","41,55,-,67,71,-",12
daihachi,C,C,C,"-,R,-,P,P,-","-,X,-,X,X,-","O,X,-,X,X,-",5,4,"1,1,4","1,2,2,5","1,8,11","1,9,2,5",11,5,"5,5,1","4,5,5,1","-,10,-,12,12,-","0,10,-,12,12,-","-,G3,-,G4,C5,-","F2,G3,-,G4,C5,-","-,55,-,67,72,-","41,55,-,67,72,-",6
daihachi,C,C,C,"-,R,-,P,-,-","-,X,-,X,-,-","O,X,-,X,-,-",5,4,"1,2","1,2,3","1,9","1,9,3",9,3,"5,6","4,5,6","-,10,-,14,-,-","0,10,-,14,-,-","-,G3,-,A4,-,-","F2,G3,-,A4,-,-","-,55,-,69,-,-","41,55,-,69,-,-",2
daihachi,C,C,C,"-,R,-,-,-,-","-,X,-,-,-,-","O,X,O,O,O,O",7,4,1,"1,4,6,2,5,7",1,"1,11,6,9,12,14",1,14,7,"4,7,2,5,1,3","-,14,-,-,-,-","0,14,0,0,0,0","-,B3,-,-,-,-","F2,B3,D3,G3,C4,E4","-,59,-,-,-,-","41,59,50,55,60,64",13
daihachi,C,C,C,"-,R,-,-,-,P","-,X,-,-,-,X","O,X,O,O,O,X",7,4,"1,6","1,4,6,2,5,2","1,13","1,11,6,9,12,9",13,9,"7,5","4,7,2,5,1,5","-,14,-,-,-,15","0,14,0,0,0,15","-,B3,-,-,-,G5","F2,B3,D3,G3,C4,G5","-,59,-,-,-,79","41,59,50,55,60,79",8
daihachi,C,C,C,"-,R,-,M,-,P","-,X,-,X,-,X","O,X,-,X,O,X",7,4,"1,6,6","1,4,2,5,2","1,6,13","1,11,2,12,9",13,9,"7,5,5","4,7,5,1,5","-,14,-,12,-,15","0,14,-,12,0,15","-,B3,-,G4,-,G5","F2,B3,-,G4,C4,G5","-,59,-,67,-,79","41,59,-,67,60,79",40
daihachi,C,C,C,"-,R,-,-,-,-","-,X,-,-,-,-","O,X,O,O,O,O",1,4,1,"1,5,6,2,5,7",1,"1,12,6,9,12,14",1,14,1,"4,1,2,5,1,3","-,15,-,-,-,-","0,15,0,0,0,0","-,C4,-,-,-,-","F2,C4,D3,G3,C4,E4","-,60,-,-,-,-","41,60,50,55,60,64",4
daihachi,C,C,C,"-,R,-,-,-,-","-,X,-,-,-,-","O,X,O,O,O,O",1,4,1,"1,5,6,2,5,7",1,"1,5,6,9,12,14",1,14,1,"4,1,2,5,1,3","-,3,-,-,-,-","0,3,0,0,0,0","-,C3,-,-,-,-","F2,C3,D3,G3,C4,E4","-,48,-,-,-,-","41,48,50,55,60,64",1
daihachi,C,C,C,"-,R,-,M,-,-","-,X,-,X,-,-","O,X,O,X,O,O",1,4,"1,6","1,5,6,3,5,7","1,6","1,5,6,10,12,14",6,14,"1,6","4,1,2,6,1,3","-,3,-,2,-,-","0,3,0,2,0,0","-,C3,-,A3,-,-","F2,C3,D3,A3,C4,E4","-,48,-,57,-,-","41,48,50,57,60,64",3
daihachi,C,C,C,"-,R,-,P,-,-","-,X,-,X,-,-","O,X,-,X,-,-",1,4,"1,1","1,5,5","1,8","1,5,12",8,12,"1,1","4,1,1","-,3,-,5,-,-","0,3,-,5,-,-","-,C3,-,C4,-,-","F2,C3,-,C4,-,-","-,48,-,60,-,-","41,48,-,60,-,-",18
daihachi,C,C,C,"-,R,-,-,-,-","-,X,-,-,-,-","O,X,O,O,O,O",1#,4,1#,"1,5#,6,2,5,7",1#,"1,5#,6,9,12,14",1#,14,1#,"4,1#,2,5,1,3","-,4,-,-,-,-","0,4,0,0,0,0","-,C#3,-,-,-,-","F2,C#3,D3,G3,C4,E4","-,49,-,-,-,-","41,49,50,55,60,64",1
daihachi,C,C,C,"-,R,-,-,-,-","-,X,-,-,-,-","O,X,-,-,-,-",2,4,1,"1,6",1,"1,6",1,6,2,"4,2","-,5,-,-,-,-","0,5,-,-,-,-","-,D3,-,-,-,-","F2,D3,-,-,-,-","-,50,-,-,-,-","41,50,-,-,-,-",2
daihachi,C,C,C,"-,R,-,M,-,-","-,X,-,X,-,-","O,X,-,X,O,O",2,4,"1,6","1,6,4,5,7","1,6","1,6,11,12,14",6,14,"2,7","4,2,7,1,3","-,5,-,4,-,-","0,5,-,4,0,0","-,D3,-,B3,-,-","F2,D3,-,B3,C4,E4","-,50,-,59,-,-","41,50,-,59,60,64",2
daihachi,C,C,C,"-,R,-,P,-,-","-,X,-,X,-,-","-,X,-,X,O,O",2,2,"1,1","1,1,7,2","1,8","1,8,7,9",8,9,"2,2","2,2,1,3","-,5,-,7,-,-","-,5,-,7,0,0","-,D3,-,D4,-,-","-,D3,-,D4,C4,E4","-,50,-,62,-,-","-,50,-,62,60,64",5
daihachi,C,C,C,"-,R,-,P,-,-","-,X,-,X,-,-","O,X,-,X,-,-",2,4,"1,1","1,6,6","1,8","1,6,13",8,13,"2,2","4,2,2","-,5,-,7,-,-","0,5,-,7,-,-","-,D3,-,D4,-,-","F2,D3,-,D4,-,-","-,50,-,62,-,-","41,50,-,62,-,-",8
daihachi,C,C,C,"-,R,-,-,R,P","-,X,-,-,X,X","-,X,-,O,X,X",3,3,"1,3,6","1,3,3,6","1,10,13","1,3,10,13",13,13,"3,5,1","3,5,5,1","-,7,-,-,7,8","-,7,-,0,7,8","-,E3,-,-,G4,C5","-,E3,-,G3,G4,C5","-,52,-,-,67,72","-,52,-,55,67,72",10
daihachi,C,C,C,"-,R,-,M,-,-","-,X,-,X,-,-","O,X,-,X,O,O",3,4,"1,6","1,7,5,5,7","1,6","1,7,12,12,14",6,14,"3,1","4,3,1,1,3","-,7,-,5,-,-","0,7,-,5,0,0","-,E3,-,C4,-,-","F2,E3,-,C4,C4,E4","-,52,-,60,-,-","41,52,-,60,60,64",7
daihachi,C,C,C,"-,R,-,P,-,-","-,X,-,X,-,-","-,X,-,X,O,O",3,3,"1,1","1,1,6,1","1,8","1,8,6,8",8,8,"3,3","3,3,1,3","-,7,-,9,-,-","-,7,-,9,0,0","-,E3,-,E4,-,-","-,E3,-,E4,C4,E4","-,52,-,64,-,-","-,52,-,64,60,64",5
daihachi,C,C,C,"-,R,-,P,-,-","-,X,-,X,-,-","O,X,-,X,-,-",3,4,"1,1","1,7,7","1,8","1,7,14",8,14,"3,3","4,3,3","-,7,-,9,-,-","0,7,-,9,-,-","-,E3,-,E4,-,-","F2,E3,-,E4,-,-","-,52,-,64,-,-","41,52,-,64,-,-",12
daihachi,C,C,C,"-,R,M,-,R,-","-,X,X,-,X,-","-,X,X,-,X,-",3,3,"1,3,3","1,3,3","1,3,10","1,3,10",10,10,"3,5,5","3,5,5","-,7,5,-,7,-","-,7,5,-,7,-","-,E3,G3,-,G4,-","-,E3,G3,-,G4,-","-,52,55,-,67,-","-,52,55,-,67,-",8
daihachi,C,C,C,"-,R,-,-,-,-","-,X,-,-,-,-","O,X,-,-,-,-",4,4,1,"1,1",1,"1,8",1,8,4,"4,4","-,8,-,-,-,-","0,8,-,-,-,-","-,F3,-,-,-,-","F2,F3,-,-,-,-","-,53,-,-,-,-","41,53,-,-,-,-",6
daihachi,C,C,C,"-,R,-,-,-,-","-,X,-,-,-,-","O,X,-,O,-,-",4,4,1,"1,1,2",1,"1,8,9",1,9,4,"4,4,5","-,8,-,-,-,-","0,8,-,0,-,-","-,F3,-,-,-,-","F2,F3,-,G3,-,-","-,53,-,-,-,-","41,53,-,55,-,-",2
daihachi,C,C,C,"-,R,-,P,-,M","-,X,-,X,-,X","O,X,-,X,O,X",4,4,"1,7,4","1,1,7,5,4","1,7,11","1,8,14,12,4",11,4,"4,3,7","4,4,3,1,7","-,8,-,9,-,7","0,8,-,9,0,7","-,F3,-,E4,-,B4","F2,F3,-,E4,C4,B4","-,53,-,64,-,71","41,53,-,64,60,71",4
daihachi,C,C,C,"-,R,-,P,M,-","-,X,-,X,X,-","O,X,-,X,X,O",4,4,"1,7,2","1,1,7,2,7","1,7,9","1,8,14,2,14",9,14,"4,3,5","4,4,3,5,3","-,8,-,9,7,-","0,8,-,9,7,0","-,F3,-,E4,G4,-","F2,F3,-,E4,G4,E4","-,53,-,64,67,-","41,53,-,64,67,64",4
daihachi,C,C,C,"-,R,M,-,-,-","-,X,X,-,-,-","O,X,X,O,O,O",4,4,"1,3","1,1,3,2,5,7","1,3","1,8,10,9,12,14",3,14,"4,6","4,4,6,5,1,3","-,8,7,-,-,-","0,8,7,0,0,0","-,F3,A3,-,-,-","F2,F3,A3,G3,C4,E4","-,53,57,-,-,-","41,53,57,55,60,64",6
daihachi,C,C,C,"-,R,M,R,-,-","-,X,X,X,-,-","O,X,X,X,O,O",4,4,"1,3,6#","1,1,3,6#,5,7","1,3,6#","1,8,10,13#,12,14",6#,14,"4,6,2#","4,4,6,2#,1,3","-,8,7,8,-,-","0,8,7,8,0,0","-,F3,A3,D#4,-,-","F2,F3,A3,D#4,C4,E4","-,53,57,63,-,-","41,53,57,63,60,64",4
daihachi,C,C,C,"R,-,-,-,-,-","X,-,-,-,-,-","X,-,O,O,O,-",3,3,1,"1,7,3,6",1,"1,14,3,6",1,6,3,"3,2,5,1","11,-,-,-,-,-","11,-,0,0,0,-","E3,-,-,-,-,-","E3,-,D3,G3,C4,-","52,-,-,-,-,-","52,-,50,55,60,-",4
daihachi,C,C,C,"R,-,-,-,P,-","X,-,-,-,X,-","X,-,O,O,X,-",3,3,"1,6","1,7,3,6","1,13","1,14,3,13",13,13,"3,1","3,2,5,1","11,-,-,-,12,-","11,-,0,0,12,-","E3,-,-,-,C5,-","E3,-,D3,G3,C5,-","52,-,-,-,72,-","52,-,50,55,72,-",18
daihachi,C,C,C,"R,-,-,P,-,-","X,-,-,X,-,-","X,-,O,X,O,O",3,3,"1,3","1,7,3,6,1","1,10","1,14,10,6,8",10,8,"3,5","3,2,5,1,3","11,-,-,12,-,-","11,-,0,12,0,0","E3,-,-,G4,-,-","E3,-,D3,G4,C4,E4","52,-,-,67,-,-","52,-,50,67,60,64",36
daihachi,C,C,C,"R,M,-,P,-,-","X,X,-,X,-,-","X,X,O,X,-,-",3,3,"1,3,3","1,3,7,3","1,3,10","1,3,14,10",10,10,"3,5,5","3,5,2,5","11,10,-,12,-,-","11,10,0,12,-,-","E3,G3,-,G4,-,-","E3,G3,D3,G4,-,-","52,55,-,67,-,-","52,55,50,67,-,-",12
daihachi,C,C,C,"R,-,M,P,-,-","X,-,X,X,-,-","X,-,X,X,-,-",4#,4#,"1#,6,3","1#,6,3","1#,6,10","1#,6,10",10,10,"4#,2,6","4#,2,6","13,-,12,14,-,-","13,-,12,14,-,-","F#3,-,D4,A4,-,-","F#3,-,D4,A4,-,-","54,-,62,69,-,-","54,-,62,69,-,-",9
daihachi,C,C,C,"R,P,-,-,-,-","X,X,-,-,-,-","X,X,O,O,O,-",5,5,"1,4","1,4,5,1,4","1,4","1,4,5,8,11",4,11,"5,1","5,1,2,5,1","2,3,-,-,-,-","2,3,0,0,0,-","G2,C3,-,-,-,-","G2,C3,D3,G3,C4,-","43,48,-,-,-,-","43,48,50,55,60,-",4
daihachi,C,C,C,"R,P,-,-,-,-","X,X,-,-,-,-","X,X,O,O,O,O",5,5,"1,4","1,4,5,1,4,6","1,4","1,4,5,8,11,13",4,13,"5,1","5,1,2,5,1,3","2,3,-,-,-,-","2,3,0,0,0,0","G2,C3,-,-,-,-","G2,C3,D3,G3,C4,E4","43,48,-,-,-,-","43,48,50,55,60,64",29
daihachi,C,C,C,"R,P,-,R,-,-","X,X,-,X,-,-","X,X,O,X,O,O",5,5,"1,4,2","1,4,5,2,4,6","1,4,9","1,4,5,9,11,13",9,13,"5,1,6","5,1,2,6,1,3","2,3,-,2,-,-","2,3,0,2,0,0","G2,C3,-,A3,-,-","G2,C3,D3,A3,C4,E4","43,48,-,57,-,-","43,48,50,57,60,64",7
daihachi,C,C,C,"R,P,R,-,-,-","X,X,X,-,-,-","X,X,X,O,O,O",5,5,"1,4,6","1,4,6,1,4,6","1,4,6","1,4,6,8,11,13",6,13,"5,1,3","5,1,3,5,1,3","2,3,2,-,-,-","2,3,2,0,0,0","G2,C3,E3,-,-,-","G2,C3,E3,G3,C4,E4","43,48,52,-,-,-","43,48,52,55,60,64",7
daihachi,C,C,C,"R,-,P,P,-,-","X,-,X,X,-,-","X,-,X,X,-,-",6,6,"1,7,3","1,7,3","1,7,10","1,7,10",10,10,"6,5,1","6,5,1","4,-,5,5,-,-","4,-,5,5,-,-","A2,-,G3,C4,-,-","A2,-,G3,C4,-,-","45,-,55,60,-,-","45,-,55,60,-,-",10
daihachi,C,C,C,"R,-,-,-,-,-","X,-,-,-,-,-","X,-,O,O,O,-",2,2,1,"1,1,4,7",1,"1,1,4,7",1,7,2,"2,2,5,1","9,-,-,-,-,-","9,-,0,0,0,-","D3,-,-,-,-,-","D3,-,D3,G3,C4,-","50,-,-,-,-,-","50,-,50,55,60,-",4
hana,C,C,C,"-,-,-,-,R,-","-,-,-,-,X,-","-,-,O,O,X,-",2,2,1,"1,4,1",1,"1,4,8",1,8,2,"2,5,2","-,-,-,-,2,-","-,-,0,0,2,-","-,-,-,-,D4,-","-,-,D3,G3,D4,-","-,-,-,-,62,-","-,-,50,55,62,-",19
hana,C,C,C,"-,-,R,R,R,-","-,-,X,X,X,-","-,-,X,X,X,-",2,2,"1,4,7","1,4,7","1,4,7","1,4,7",7,7,"2,5,1","2,5,1","-,-,12,12,12,-","-,-,12,12,12,-","-,-,D4,G4,C5,-","-,-,D4,G4,C5,-","-,-,62,67,72,-","-,-,62,67,72,-",4
hana,C,C,C,"-,-,R,-,P,-","-,-,X,-,X,-","-,-,X,-,X,-",3,3,"1,1","1,1","1,8","1,8",8,8,"3,3","3,3","-,-,2,-,4,-","-,-,2,-,4,-","-,-,E3,-,E4,-","-,-,E3,-,E4,-","-,-,52,-,64,-","-,-,52,-,64,-",2
hana,C,C,C,"-,-,R,-,P,-","-,-,X,-,X,-","-,-,X,O,X,-",3,3,"1,1","1,3,1","1,8","1,3,8",8,8,"3,3","3,5,3","-,-,2,-,4,-","-,-,2,0,4,-","-,-,E3,-,E4,-","-,-,E3,G3,E4,-","-,-,52,-,64,-","-,-,52,55,64,-",17
hana,C,C,C,"-,-,R,-,P,-","-,-,X,-,X,-","-,O,X,O,X,-",3,6,"1,1","1,5,7,5","1,8","1,5,7,12",8,12,"3,3","6,3,5,3","-,-,2,-,4,-","-,0,2,0,4,-","-,-,E3,-,E4,-","-,A2,E3,G3,E4,-","-,-,52,-,64,-","-,45,52,55,64,-",103
hana,C,C,C,"-,-,R,-,P,-","-,-,X,-,X,-","-,O,X,O,X,O",3,6,"1,1","1,5,7,5,5","1,8","1,5,7,12,12",8,12,"3,3","6,3,5,3,3","-,-,2,-,4,-","-,0,2,0,4,0","-,-,E3,-,E4,-","-,A2,E3,G3,E4,E4","-,-,52,-,64,-","-,45,52,55,64,64",1
hana,C,C,C,"-,-,R,-,P,-","-,-,X,-,X,-","O,O,X,O,X,O",3,4,"1,1","1,3,7,2,7,7","1,8","1,3,7,9,14,14",8,14,"3,3","4,6,3,5,3,3","-,-,2,-,4,-","0,0,2,0,4,0","-,-,E3,-,E4,-","F2,A2,E3,G3,E4,E4","-,-,52,-,64,-","41,45,52,55,64,64",23
hana,C,C,C,"-,-,R,-,P,-","-,-,X,-,X,-","-,-,X,O,X,O",4,4,"1,7","1,2,7,7","1,7","1,2,7,7",7,7,"4,3","4,5,3,3","-,-,3,-,4,-","-,-,3,0,4,0","-,-,F3,-,E4,-","-,-,F3,G3,E4,E4","-,-,53,-,64,-","-,-,53,55,64,64",16
hana,C,C,C,"-,-,R,-,P,-","-,-,X,-,X,-","-,-,X,-,X,-",5,5,"1,1","1,1","1,8","1,8",8,8,"5,5","5,5","-,-,5,-,7,-","-,-,5,-,7,-","-,-,G3,-,G4,-","-,-,G3,-,G4,-","-,-,55,-,67,-","-,-,55,-,67,-",2
hana,C,C,C,"-,-,R,-,P,-","-,-,X,-,X,-","-,O,X,O,X,-",5,6,"1,1","1,7,7,7","1,8","1,7,7,14",8,14,"5,5","6,5,5,5","-,-,5,-,7,-","-,0,5,0,7,-","-,-,G3,-,G4,-","-,A2,G3,G3,G4,-","-,-,55,-,67,-","-,45,55,55,67,-",2
hana,C,C,C,"-,-,R,P,-,-","-,-,X,X,-,-","-,O,X,X,O,-",5,6,"1,5","1,7,4,3","1,5","1,7,11,10",5,10,"5,2","6,5,2,1","-,-,5,7,-,-","-,0,5,7,0,-","-,-,G3,D4,-,-","-,A2,G3,D4,C4,-","-,-,55,62,-,-","-,45,55,62,60,-",4
hana,C,C,C,"R,-,-,-,-,-","X,-,-,-,-,-","X,O,-,O,-,O",7,7,1,"1,7,6,4",1,"1,7,13,4",1,4,7,"7,6,5,3","18,-,-,-,-,-","18,0,-,0,-,0","B3,-,-,-,-,-","B3,A2,-,G3,-,E4","59,-,-,-,-,-","59,45,-,55,-,64",3
hana,C,C,C,"R,-,-,-,-,-","X,-,-,-,-,-","X,O,-,O,-,O",5#,5#,1#,"1#,2,1,6",1#,"1#,2,1,13",1#,13,5#,"5#,6,5,3","3,-,-,-,-,-","3,0,-,0,-,0","G#2,-,-,-,-,-","G#2,A2,-,G3,-,E4","44,-,-,-,-,-","44,45,-,55,-,64",1
kugatsu,C,C,C,"-,-,R,P,-,-","-,-,X,X,-,-","-,O,X,X,O,-",1,6,"1,5","1,3,7,3","1,5","1,10,14,10",5,10,"1,5","6,1,5,1","-,-,10,12,-,-","-,0,10,12,0,-","-,-,C4,G4,-,-","-,A2,C4,G4,C4,-","-,-,60,67,-,-","-,45,60,67,60,-",16
kugatsu,C,C,C,"-,-,R,P,-,-","-,-,X,X,-,-","O,O,X,X,O,-",1,4,"1,5","1,3,5,2,5","1,5","1,3,12,2,12",5,12,"1,5","4,6,1,5,1","-,-,10,12,-,-","0,0,10,12,0,-","-,-,C4,G4,-,-","F2,A2,C4,G4,C4,-","-,-,60,67,-,-","41,45,60,67,60,-",8
kugatsu,C,C,C,"-,-,R,P,-,-","-,-,X,X,-,-","O,O,X,X,O,O",1,4,"1,5","1,3,5,2,5,7","1,5","1,3,12,2,12,14",5,14,"1,5","4,6,1,5,1,3","-,-,10,12,-,-","0,0,10,12,0,0","-,-,C4,G4,-,-","F2,A2,C4,G4,C4,E4","-,-,60,67,-,-","41,45,60,67,60,64",3
kugatsu,C,C,C,"-,-,R,P,P,-","-,-,X,X,X,-","-,O,X,X,X,-",1,6,"1,5,1","1,3,7,3","1,5,8","1,10,14,3",8,3,"1,5,1","6,1,5,1","-,-,10,12,12,-","-,0,10,12,12,-","-,-,C4,G4,C5,-","-,A2,C4,G4,C5,-","-,-,60,67,72,-","-,45,60,67,72,-",4
kugatsu,C,C,C,"-,-,R,P,P,-","-,-,X,X,X,-","O,O,X,X,X,-",1,4,"1,5,1","1,3,5,2,5","1,5,8","1,3,12,2,5",8,5,"1,5,1","4,6,1,5,1","-,-,10,12,12,-","0,0,10,12,12,-","-,-,C4,G4,C5,-","F2,A2,C4,G4,C5,-","-,-,60,67,72,-","41,45,60,67,72,-",2
kugatsu,C,C,C,"-,-,R,-,-,-","-,-,X,-,-,-","O,-,X,-,-,-",2,4,1,"1,6",1,"1,13",1,13,2,"4,2","-,-,12,-,-,-","0,-,12,-,-,-","-,-,D4,-,-,-","F2,-,D4,-,-,-","-,-,62,-,-,-","41,-,62,-,-,-",2
kugatsu,C,C,C,"-,-,R,-,-,-","-,-,X,-,-,-","O,O,X,O,O,O",3,4,1,"1,3,7,2,5,7",1,"1,3,14,9,12,14",1,14,3,"4,6,3,5,1,3","-,-,14,-,-,-","0,0,14,0,0,0","-,-,E4,-,-,-","F2,A2,E4,G3,C4,E4","-,-,64,-,-,-","41,45,64,55,60,64",2
kugatsu,C,C,C,"-,-,R,-,-,P","-,-,X,-,-,X","O,O,X,O,O,X",3,4,"1,3","1,3,7,2,5,2","1,10","1,3,14,9,12,9",10,9,"3,5","4,6,3,5,1,5","-,-,14,-,-,15","0,0,14,0,0,15","-,-,E4,-,-,G5","F2,A2,E4,G3,C4,G5","-,-,64,-,-,79","41,45,64,55,60,79",31
kugatsu,C,C,C,"-,-,R,-,-,-","-,-,X,-,-,-","-,O,X,O,O,-",7,6,1,"1,2,7,3",1,"1,9,7,10",1,10,7,"6,7,5,1","-,-,9,-,-,-","-,0,9,0,0,-","-,-,B3,-,-,-","-,A2,B3,G3,C4,-","-,-,59,-,-,-","-,45,59,55,60,-",1
kugatsu,C,C,C,"-,R,-,P,-,-","-,X,-,X,-,-","-,X,O,X,O,O",5,5,"1,1","1,5,1,4,6","1,8","1,12,8,4,6",8,6,"5,5","5,2,5,1,3","-,10,-,12,-,-","-,10,0,12,0,0","-,G3,-,G4,-,-","-,G3,D3,G4,C4,E4","-,55,-,67,-,-","-,55,50,67,60,64",13
kugatsu,C,C,C,"-,R,-,P,-,-","-,X,-,X,-,-","O,X,O,X,O,O",5,4,"1,1","1,2,6,2,5,7","1,8","1,9,6,2,12,14",8,14,"5,5","4,5,2,5,1,3","-,10,-,12,-,-","0,10,0,12,0,0","-,G3,-,G4,-,-","F2,G3,D3,G4,C4,E4","-,55,-,67,-,-","41,55,50,67,60,64",3
kugatsu,C,C,C,"-,R,-,P,-,-","-,X,-,X,-,-","-,X,-,X,O,O",2,2,"1,1","1,1,7,2","1,8","1,8,7,9",8,9,"2,2","2,2,1,3","-,5,-,7,-,-","-,5,-,7,0,0","-,D3,-,D4,-,-","-,D3,-,D4,C4,E4","-,50,-,62,-,-","-,50,-,62,60,64",3
kugatsu,C,C,C,"-,R,-,P,-,-","-,X,-,X,-,-","O,X,-,X,O,O",2,4,"1,1","1,6,6,5,7","1,8","1,6,13,12,14",8,14,"2,2","4,2,2,1,3","-,5,-,7,-,-","0,5,-,7,0,0","-,D3,-,D4,-,-","F2,D3,-,D4,C4,E4","-,50,-,62,-,-","41,50,-,62,60,64",18
kugatsu,C,C,C,"-,R,-,P,-,-","-,X,-,X,-,-","O,X,-,X,O,O",3,4,"1,1","1,7,7,5,7","1,8","1,7,14,12,14",8,14,"3,3","4,3,3,1,3","-,7,-,9,-,-","0,7,-,9,0,0","-,E3,-,E4,-,-","F2,E3,-,E4,C4,E4","-,52,-,64,-,-","41,52,-,64,60,64",12
kugatsu,C,C,C,"R,-,M,-,-,-","X,-,X,-,-,-","X,-,X,O,O,-",3,3,"1,6","1,6,3,6","1,6","1,6,3,6",6,6,"3,1","3,1,5,1","11,-,10,-,-,-","11,-,10,0,0,-","E3,-,C4,-,-,-","E3,-,C4,G3,C4,-","52,-,60,-,-,-","52,-,60,55,60,-",15
kugatsu,C,C,C,"R,-,M,-,P,-","X,-,X,-,X,-","X,-,X,O,X,-",3,3,"1,6,6","1,6,3,6","1,6,13","1,6,3,13",13,13,"3,1,1","3,1,5,1","11,-,10,-,12,-","11,-,10,0,12,-","E3,-,C4,-,C5,-","E3,-,C4,G3,C5,-","52,-,60,-,72,-","52,-,60,55,72,-",1
kugatsu,C,C,C,"R,-,M,P,-,-","X,-,X,X,-,-","X,-,X,X,O,-",3,3,"1,6,3","1,6,3,6","1,6,10","1,6,10,6",10,6,"3,1,5","3,1,5,1","11,-,10,12,-,-","11,-,10,12,0,-","E3,-,C4,G4,-,-","E3,-,C4,G4,C4,-","52,-,60,67,-,-","52,-,60,67,60,-",1
kugatsu,C,C,C,"R,-,M,P,P,-","X,-,X,X,X,-","X,-,X,X,X,-",3,3,"1,6,3,6","1,6,3,6","1,6,10,13","1,6,10,13",13,13,"3,1,5,1","3,1,5,1","11,-,10,12,12,-","11,-,10,12,12,-","E3,-,C4,G4,C5,-","E3,-,C4,G4,C5,-","52,-,60,67,72,-","52,-,60,67,72,-",3
kugatsu,C,C,C,"R,-,P,P,-,-","X,-,X,X,-,-","X,-,X,X,O,-",3,3,"1,7,3","1,7,3,6","1,7,10","1,7,10,6",10,6,"3,2,5","3,2,5,1","11,-,12,12,-,-","11,-,12,12,0,-","E3,-,D4,G4,-,-","E3,-,D4,G4,C4,-","52,-,62,67,-,-","52,-,62,67,60,-",8
kugatsu,C,C,C,"R,-,P,P,-,-","X,-,X,X,-,-","X,O,X,X,O,O",3,3,"1,7,3","1,4,7,3,6,1","1,7,10","1,11,7,10,6,8",10,8,"3,2,5","3,6,2,5,1,3","11,-,12,12,-,-","11,0,12,12,0,0","E3,-,D4,G4,-,-","E3,A2,D4,G4,C4,E4","52,-,62,67,-,-","52,45,62,67,60,64",1
kugatsu,C,C,C,"R,-,P,P,P,-","X,-,X,X,X,-","X,O,X,X,X,O",3,3,"1,7,3,6","1,4,7,3,6,1","1,7,10,13","1,11,7,10,13,8",13,8,"3,2,5,1","3,6,2,5,1,3","11,-,12,12,12,-","11,0,12,12,12,0","E3,-,D4,G4,C5,-","E3,A2,D4,G4,C5,E4","52,-,62,67,72,-","52,45,62,67,72,64",1
kugatsu,C,C,C,"R,-,M,-,-,-","X,-,X,-,-,-","X,-,X,O,O,-",3,3,"1,5","1,5,3,6","1,5","1,5,3,6",5,6,"3,7","3,7,5,1","11,-,9,-,-,-","11,-,9,0,0,-","E3,-,B3,-,-,-","E3,-,B3,G3,C4,-","52,-,59,-,-,-","52,-,59,55,60,-",9
kugatsu,C,C,C,"R,-,M,-,-,-","X,-,X,-,-,-","X,O,X,O,O,-",3,3,"1,5","1,4,5,3,6","1,5","1,11,5,3,6",5,6,"3,7","3,6,7,5,1","11,-,9,-,-,-","11,0,9,0,0,-","E3,-,B3,-,-,-","E3,A2,B3,G3,C4,-","52,-,59,-,-,-","52,45,59,55,60,-",1
kugatsu,C,C,C,"R,M,-,P,-,-","X,X,-,X,-,-","X,X,O,X,O,O",3,3,"1,3,3","1,3,7,3,6,1","1,3,10","1,3,14,10,6,8",10,8,"3,5,5","3,5,2,5,1,3","11,10,-,12,-,-","11,10,0,12,0,0","E3,G3,-,G4,-,-","E3,G3,D3,G4,C4,E4","52,55,-,67,-,-","52,55,50,67,60,64",4
kugatsu,C,C,C,"R,M,-,P,P,-","X,X,-,X,X,-","X,X,O,X,X,O",3,3,"1,3,3,6","1,3,7,3,6,1","1,3,10,13","1,3,14,10,13,8",13,8,"3,5,5,1","3,5,2,5,1,3","11,10,-,12,12,-","11,10,0,12,12,0","E3,G3,-,G4,C5,-","E3,G3,D3,G4,C5,E4","52,55,-,67,72,-","52,55,50,67,72,64",24
kugatsu,C,C,C,"R,M,MM,-,-,-","X,X,X,-,-,-","X,X,X,O,O,O",3,3,"1,3,5","1,3,5,3,6,1","1,3,5","1,3,5,3,6,8",5,8,"3,5,7","3,5,7,5,1,3","11,10,9,-,-,-","11,10,9,0,0,0","E3,G3,B3,-,-,-","E3,G3,B3,G3,C4,E4","52,55,59,-,-,-","52,55,59,55,60,64",2
kugatsu,C,C,C,"R,P,-,PP,-,-","X,X,-,X,-,-","X,X,O,X,O,O",5,5,"1,4,3","1,4,5,3,4,6","1,4,10","1,4,5,10,11,13",10,13,"5,1,7","5,1,2,7,1,3","2,3,-,4,-,-","2,3,0,4,0,0","G2,C3,-,B3,-,-","G2,C3,D3,B3,C4,E4","43,48,-,59,-,-","43,48,50,59,60,64",21
kyerutse,C,C,C,"-,-,-,R,-,M","-,-,-,X,-,X","-,-,O,X,O,X",1,2,"1,5","1,7,7,4","1,5","1,7,7,11",5,11,"1,5","2,1,1,5","-,-,-,5,-,3","-,-,0,5,0,3","-,-,-,C4,-,G4","-,-,D3,C4,C4,G4","-,-,-,60,-,67","-,-,50,60,60,67",1
kyerutse,C,C,C,"-,-,R,-,P,-","-,-,X,-,X,-","-,O,X,O,X,-",1,6,"1,7","1,3,7,2","1,7","1,10,7,2",7,2,"1,7","6,1,5,7","-,-,10,-,11,-","-,0,10,0,11,-","-,-,C4,-,B4,-","-,A2,C4,G3,B4,-","-,-,60,-,71,-","-,45,60,55,71,-",1
kyerutse,C,C,C,"-,-,R,-,P,-","-,-,X,-,X,-","-,O,X,O,X,-",1,6,"1,1","1,3,7,3","1,8","1,10,7,3",8,3,"1,1","6,1,5,1","-,-,10,-,12,-","-,0,10,0,12,-","-,-,C4,-,C5,-","-,A2,C4,G3,C5,-","-,-,60,-,72,-","-,45,60,55,72,-",2
kyerutse,C,C,C,"-,-,R,PP,-,P","-,-,X,X,-,X","-,-,X,X,O,X",3,3,"1,6,3","1,6,6,3","1,6,10","1,6,6,10",10,10,"3,1,5","3,1,1,5","-,-,2,5,-,3","-,-,2,5,0,3","-,-,E3,C4,-,G4","-,-,E3,C4,C4,G4","-,-,52,60,-,67","-,-,52,60,60,67",4
kyerutse,C,C,C,"-,-,R,R,-,-","-,-,X,X,-,-","-,O,X,X,-,-",5,6,"1,4","1,7,3","1,4","1,7,10",4,10,"5,1","6,5,1","-,-,5,5,-,-","-,0,5,5,-,-","-,-,G3,C4,-,-","-,A2,G3,C4,-,-","-,-,55,60,-,-","-,45,55,60,-,-",1
kyerutse,C,C,C,"-,-,R,R,-,M","-,-,X,X,-,X","-,O,X,X,O,X",5,6,"1,4,1","1,7,3,3,7","1,4,8","1,7,10,10,14",8,14,"5,1,5","6,5,1,1,5","-,-,5,5,-,3","-,0,5,5,0,3","-,-,G3,C4,-,G4","-,A2,G3,C4,C4,G4","-,-,55,60,-,67","-,45,55,60,60,67",20
kyerutse,C,C,C,"-,-,R,M,-,-","-,-,X,X,-,-","O,O,X,X,O,-",6,4,"1,3","1,3,3,5,5","1,3","1,3,10,12,12",3,12,"6,1","4,6,6,1,1","-,-,7,5,-,-","0,0,7,5,0,-","-,-,A3,C4,-,-","F2,A2,A3,C4,C4,-","-,-,57,60,-,-","41,45,57,60,60,-",1
kyerutse,C,C,C,"-,-,R,-,-,-","-,-,X,-,-,-","-,O,X,O,O,-",7,6,1,"1,2,7,3",1,"1,9,7,10",1,10,7,"6,7,5,1","-,-,9,-,-,-","-,0,9,0,0,-","-,-,B3,-,-,-","-,A2,B3,G3,C4,-","-,-,59,-,-,-","-,45,59,55,60,-",39
kyerutse,C,C,C,"-,R,M,-,P,-","-,X,X,-,X,-","-,X,X,O,X,-",5,5,"1,3,3","1,3,1,3","1,3,10","1,3,1,10",10,10,"5,7,7","5,7,5,7","-,10,9,-,11,-","-,10,9,0,11,-","-,G3,B3,-,B4,-","-,G3,B3,G3,B4,-","-,55,59,-,71,-","-,55,59,55,71,-",2
kyerutse,C,C,C,"-,R,M,-,P,-","-,X,X,-,X,-","O,X,X,O,X,O",5,4,"1,3,3","1,2,4,2,4,7","1,3,10","1,9,11,9,4,14",10,14,"5,7,7","4,5,7,5,7,3","-,10,9,-,11,-","0,10,9,0,11,0","-,G3,B3,-,B4,-","F2,G3,B3,G3,B4,E4","-,55,59,-,71,-","41,55,59,55,71,64",1
kyerutse,C,C,C,"-,R,MM,-,M,-","-,X,X,-,X,-","O,X,X,O,X,-",6,4,"1,3,2","1,3,5,2,4","1,3,9","1,10,12,9,4",9,4,"6,1,7","4,6,1,5,7","-,12,10,-,11,-","0,12,10,0,11,-","-,A3,C4,-,B4,-","F2,A3,C4,G3,B4,-","-,57,60,-,71,-","41,57,60,55,71,-",3
kyerutse,C,C,C,"-,R,M,-,R,-","-,X,X,-,X,-","O,X,X,O,X,O",6,4,"1,3,3","1,3,5,2,5,7","1,3,10","1,10,12,9,5,14",10,14,"6,1,1","4,6,1,5,1,3","-,12,10,-,12,-","0,12,10,0,12,0","-,A3,C4,-,C5,-","F2,A3,C4,G3,C5,E4","-,57,60,-,72,-","41,57,60,55,72,64",1
kyerutse,C,C,C,"-,R,M,-,R,-","-,X,X,-,X,-","-,X,X,O,X,-",7,7,"1,3,3","1,3,6,3","1,3,10","1,3,13,10",10,10,"7,2,2","7,2,5,2","-,14,12,-,14,-","-,14,12,0,14,-","-,B3,D4,-,D5,-","-,B3,D4,G3,D5,-","-,59,62,-,74,-","-,59,62,55,74,-",5
kyerutse,C,C,C,"-,R,-,P,-,-","-,X,-,X,-,-","-,X,O,X,O,-",7,7,"1,1","1,3,1,2","1,8","1,3,8,9",8,9,"7,7","7,2,7,1","-,2,-,4,-,-","-,2,0,4,0,-","-,B2,-,B3,-,-","-,B2,D3,B3,C4,-","-,47,-,59,-,-","-,47,50,59,60,-",4
kyerutse,C,C,C,"-,R,-,P,-,-","-,X,-,X,-,-","-,X,O,X,O,-",1,1,"1,1","1,2,1,1","1,8","1,2,8,8",8,8,"1,1","1,2,1,1","-,3,-,5,-,-","-,3,0,5,0,-","-,C3,-,C4,-,-","-,C3,D3,C4,C4,-","-,48,-,60,-,-","-,48,50,60,60,-",8
kyerutse,C,C,C,"-,R,-,P,-,-","-,X,-,X,-,-","O,X,O,X,-,-",1,4,"1,1","1,5,6,5","1,8","1,5,6,12",8,12,"1,1","4,1,2,1","-,3,-,5,-,-","0,3,0,5,-,-","-,C3,-,C4,-,-","F2,C3,D3,C4,-,-","-,48,-,60,-,-","41,48,50,60,-,-",4
kyerutse,C,C,C,"-,R,M,P,-,-","-,X,X,X,-,-","-,X,X,X,O,-",1,1,"1,3,1","1,3,1,1","1,3,8","1,3,8,8",8,8,"1,3,1","1,3,1,1","-,3,2,5,-,-","-,3,2,5,0,-","-,C3,E3,C4,-,-","-,C3,E3,C4,C4,-","-,48,52,60,-,-","-,48,52,60,60,-",10
kyerutse,C,C,C,"-,R,M,P,-,-","-,X,X,X,-,-","O,X,X,X,O,-",1,4,"1,3,1","1,5,7,5,5","1,3,8","1,5,7,12,12",8,12,"1,3,1","4,1,3,1,1","-,3,2,5,-,-","0,3,2,5,0,-","-,C3,E3,C4,-,-","F2,C3,E3,C4,C4,-","-,48,52,60,-,-","41,48,52,60,60,-",3
kyerutse,C,C,C,"-,R,P,-,-,-","-,X,X,-,-,-","O,X,X,O,-,-",1,4,"1,5","1,5,2,2","1,5","1,5,9,9",5,9,"1,5","4,1,5,5","-,3,5,-,-,-","0,3,5,0,-,-","-,C3,G3,-,-,-","F2,C3,G3,G3,-,-","-,48,55,-,-,-","41,48,55,55,-,-",9
kyerutse,C,C,C,"-,R,P,-,-,-","-,X,X,-,-,-","O,X,X,O,O,-",1,4,"1,5","1,5,2,2,5","1,5","1,5,9,9,12",5,12,"1,5","4,1,5,5,1","-,3,5,-,-,-","0,3,5,0,0,-","-,C3,G3,-,-,-","F2,C3,G3,G3,C4,-","-,48,55,-,-,-","41,48,55,55,60,-",4
kyerutse,C,C,C,"-,R,P,P,-,-","-,X,X,X,-,-","-,X,X,X,O,-",1,1,"1,5,1","1,5,1,1","1,5,8","1,5,8,8",8,8,"1,5,1","1,5,1,1","-,3,5,5,-,-","-,3,5,5,0,-","-,C3,G3,C4,-,-","-,C3,G3,C4,C4,-","-,48,55,60,-,-","-,48,55,60,60,-",5
kyerutse,C,C,C,"-,R,-,-,-,-","-,X,-,-,-,-","O,X,-,-,-,-",2,4,1,"1,6",1,"1,6",1,6,2,"4,2","-,5,-,-,-,-","0,5,-,-,-,-","-,D3,-,-,-,-","F2,D3,-,-,-,-","-,50,-,-,-,-","41,50,-,-,-,-",10
kyerutse,C,C,C,"-,R,-,R,-,-","-,X,-,X,-,-","-,X,O,X,O,-",2,2,"1,7","1,1,7,7","1,7","1,1,7,7",7,7,"2,1","2,2,1,1","-,5,-,5,-,-","-,5,0,5,0,-","-,D3,-,C4,-,-","-,D3,D3,C4,C4,-","-,50,-,60,-,-","-,50,50,60,60,-",2
kyerutse,C,C,C,"-,R,-,-,-,-","-,X,-,-,-,-","O,X,-,-,-,-",3,4,1,"1,7",1,"1,7",1,7,3,"4,3","-,7,-,-,-,-","0,7,-,-,-,-","-,E3,-,-,-,-","F2,E3,-,-,-,-","-,52,-,-,-,-","41,52,-,-,-,-",11
kyerutse,C,C,C,"-,R,-,-,-,-","-,X,-,-,-,-","O,X,O,O,O,-",3,4,1,"1,7,6,2,5",1,"1,7,6,9,12",1,12,3,"4,3,2,5,1","-,7,-,-,-,-","0,7,0,0,0,-","-,E3,-,-,-,-","F2,E3,D3,G3,C4,-","-,52,-,-,-,-","41,52,50,55,60,-",40
kyerutse,C,C,C,"-,R,-,R,-,-","-,X,-,X,-,-","-,X,O,X,O,-",3,3,"1,7","1,7,7,6","1,7","1,14,7,6",7,6,"3,2","3,2,2,1","-,7,-,7,-,-","-,7,0,7,0,-","-,E3,-,D4,-,-","-,E3,D3,D4,C4,-","-,52,-,62,-,-","-,52,50,62,60,-",4
kyerutse,C,C,C,"R,P,PP,-,-,-","X,X,X,-,-,-","X,X,X,O,-,-",5,5,"1,4,1","1,4,1,1","1,4,8","1,4,8,8",8,8,"5,1,5","5,1,5,5","2,3,5,-,-,-","2,3,5,0,-,-","G2,C3,G3,-,-,-","G2,C3,G3,G3,-,-","43,48,55,-,-,-","43,48,55,55,-,-",20
kyerutse,C,C,C,"R,P,PP,-,-,-","X,X,X,-,-,-","X,X,X,O,O,-",5,5,"1,4,1","1,4,1,1,4","1,4,8","1,4,8,8,11",8,11,"5,1,5","5,1,5,5,1","2,3,5,-,-,-","2,3,5,0,0,-","G2,C3,G3,-,-,-","G2,C3,G3,G3,C4,-","43,48,55,-,-,-","43,48,55,55,60,-",4
kyerutse,C,C,C,"R,P,PPP,PP,-,-","X,X,X,X,-,-","X,X,X,X,-,-",5,5,"1,4,1,3","1,4,1,3","1,4,8,10","1,4,8,10",10,10,"5,1,5,7","5,1,5,7","2,3,5,4,-,-","2,3,5,4,-,-","G2,C3,G3,B3,-,-","G2,C3,G3,B3,-,-","43,48,55,59,-,-","43,48,55,59,-,-",10
kyerutse,C,C,C,"R,M,P,-,-,-","X,X,X,-,-,-","X,X,X,O,-,-",6,6,"1,3,7","1,3,7,7","1,3,7","1,3,7,7",7,7,"6,1,5","6,1,5,5","4,3,5,-,-,-","4,3,5,0,-,-","A2,C3,G3,-,-,-","A2,C3,G3,G3,-,-","45,48,55,-,-,-","45,48,55,55,-,-",12
kyerutse,C,C,C,"R,M,P,R,-,-","X,X,X,X,-,-","X,X,X,X,-,-",6,6,"1,3,7,2","1,3,7,2","1,3,7,9","1,3,7,9",9,9,"6,1,5,7","6,1,5,7","4,3,5,4,-,-","4,3,5,4,-,-","A2,C3,G3,B3,-,-","A2,C3,G3,B3,-,-","45,48,55,59,-,-","45,48,55,59,-,-",10
leland,C,C,C,"-,-,-,-,-,R","-,-,-,-,-,X","O,O,O,O,O,X",1,4,1,"1,3,6,2,5,5",1,"1,3,6,9,12,5",1,5,1,"4,6,2,5,1,1","-,-,-,-,-,8","0,0,0,0,0,8","-,-,-,-,-,C5","F2,A2,D3,G3,C4,C5","-,-,-,-,-,72","41,45,50,55,60,72",36
leland,C,C,C,"-,-,-,-,R,-","-,-,-,-,X,-","O,O,O,O,X,O",5,4,1,"1,3,6,2,2,7",1,"1,3,6,9,2,14",1,14,5,"4,6,2,5,5,3","-,-,-,-,7,-","0,0,0,0,7,0","-,-,-,-,G4,-","F2,A2,D3,G3,G4,E4","-,-,-,-,67,-","41,45,50,55,67,64",2
leland,C,C,C,"-,-,-,-,R,P","-,-,-,-,X,X","O,O,O,O,X,X",5,4,"1,4","1,3,6,2,2,5","1,4","1,3,6,9,2,5",4,5,"5,1","4,6,2,5,5,1","-,-,-,-,7,8","0,0,0,0,7,8","-,-,-,-,G4,C5","F2,A2,D3,G3,G4,C5","-,-,-,-,67,72","41,45,50,55,67,72",9
leland,C,C,C,"-,-,-,R,-,-","-,-,-,X,-,-","O,O,O,X,O,O",2,4,1,"1,3,6,6,5,7",1,"1,3,6,13,12,14",1,14,2,"4,6,2,2,1,3","-,-,-,7,-,-","0,0,0,7,0,0","-,-,-,D4,-,-","F2,A2,D3,D4,C4,E4","-,-,-,62,-,-","41,45,50,62,60,64",8
leland,C,C,C,"-,-,-,R,-,P","-,-,-,X,-,X","O,O,O,X,O,X",2,4,"1,7","1,3,6,6,5,5","1,7","1,3,6,13,12,5",7,5,"2,1","4,6,2,2,1,1","-,-,-,7,-,8","0,0,0,7,0,8","-,-,-,D4,-,C5","F2,A2,D3,D4,C4,C5","-,-,-,62,-,72","41,45,50,62,60,72",9
leland,C,C,C,"-,-,-,R,R,-","-,-,-,X,X,-","-,-,-,X,X,-",2,2,"1,4","1,4","1,4","1,4",4,4,"2,5","2,5","-,-,-,7,7,-","-,-,-,7,7,-","-,-,-,D4,G4,-","-,-,-,D4,G4,-","-,-,-,62,67,-","-,-,-,62,67,-",4
leland,C,C,C,"-,-,-,R,-,-","-,-,-,X,-,-","O,O,O,X,O,O",3,4,1,"1,3,6,7,5,7",1,"1,3,6,14,12,14",1,14,3,"4,6,2,3,1,3","-,-,-,9,-,-","0,0,0,9,0,0","-,-,-,E4,-,-","F2,A2,D3,E4,C4,E4","-,-,-,64,-,-","41,45,50,64,60,64",16
leland,C,C,C,"-,-,-,R,-,M","-,-,-,X,-,X","O,O,O,X,O,X",3,4,"1,6","1,3,6,7,5,5","1,6","1,3,6,14,12,5",6,5,"3,1","4,6,2,3,1,1","-,-,-,9,-,8","0,0,0,9,0,8","-,-,-,E4,-,C5","F2,A2,D3,E4,C4,C5","-,-,-,64,-,72","41,45,50,64,60,72",18
leland,C,C,C,"-,-,R,-,-,-","-,-,X,-,-,-","O,O,X,O,-,-",1,4,1,"1,3,5,2",1,"1,3,12,9",1,9,1,"4,6,1,5","-,-,10,-,-,-","0,0,10,0,-,-","-,-,C4,-,-,-","F2,A2,C4,G3,-,-","-,-,60,-,-,-","41,45,60,55,-,-",22
leland,C,C,C,"-,-,R,P,-,-","-,-,X,X,-,-","O,O,X,X,-,-",1,4,"1,5","1,3,5,2","1,5","1,3,12,2",5,2,"1,5","4,6,1,5","-,-,10,12,-,-","0,0,10,12,-,-","-,-,C4,G4,-,-","F2,A2,C4,G4,-,-","-,-,60,67,-,-","41,45,60,67,-,-",20
leland,C,C,C,"-,-,R,M,-,-","-,-,X,X,-,-","O,O,X,X,-,-",1,4,"1,3","1,3,5,7","1,3","1,3,12,14",3,14,"1,3","4,6,1,3","-,-,10,9,-,-","0,0,10,9,-,-","-,-,C4,E4,-,-","F2,A2,C4,E4,-,-","-,-,60,64,-,-","41,45,60,64,-,-",24
leland,C,C,C,"-,-,R,-,-,-","-,-,X,-,-,-","O,O,X,O,-,-",2,4,1,"1,3,6,2",1,"1,3,13,9",1,9,2,"4,6,2,5","-,-,12,-,-,-","0,0,12,0,-,-","-,-,D4,-,-,-","F2,A2,D4,G3,-,-","-,-,62,-,-,-","41,45,62,55,-,-",12
leland,C,C,C,"-,-,R,-,-,M","-,-,X,-,-,X","O,O,X,O,O,X",3,4,"1,1","1,3,7,2,5,7","1,8","1,3,14,9,12,7",8,7,"3,3","4,6,3,5,1,3","-,-,14,-,-,12","0,0,14,0,0,12","-,-,E4,-,-,E5","F2,A2,E4,G3,C4,E5","-,-,64,-,-,76","41,45,64,55,60,76",84
leland,C,C,C,"-,-,R,-,-,P","-,-,X,-,-,X","O,O,X,O,O,X",3,4,"1,3","1,3,7,2,5,2","1,10","1,3,7,9,12,2",10,2,"3,5","4,6,3,5,1,5","-,-,2,-,-,3","0,0,2,0,0,3","-,-,E3,-,-,G4","F2,A2,E3,G3,C4,G4","-,-,52,-,-,67","41,45,52,55,60,67",20
leland,C,C,C,"-,-,R,P,-,-","-,-,X,X,-,-","-,O,X,X,O,-",4,6,"1,4","1,6,2,3","1,4","1,6,9,10",4,10,"4,7","6,4,7,1","-,-,3,4,-,-","-,0,3,4,0,-","-,-,F3,B3,-,-","-,A2,F3,B3,C4,-","-,-,53,59,-,-","-,45,53,59,60,-",1
leland,C,C,C,"-,-,R,R,-,-","-,-,X,X,-,-","-,O,X,X,O,-",5,6,"1,4","1,7,3,3","1,4","1,7,10,10",4,10,"5,1","6,5,1,1","-,-,5,5,-,-","-,0,5,5,0,-","-,-,G3,C4,-,-","-,A2,G3,C4,C4,-","-,-,55,60,-,-","-,45,55,60,60,-",10
leland,C,C,C,"-,-,R,P,-,-","-,-,X,X,-,-","-,-,X,X,-,-",5,5,"1,5","1,5","1,5","1,5",5,5,"5,2","5,2","-,-,5,7,-,-","-,-,5,7,-,-","-,-,G3,D4,-,-","-,-,G3,D4,-,-","-,-,55,62,-,-","-,-,55,62,-,-",8
leland,C,C,C,"-,-,R,P,-,-","-,-,X,X,-,-","-,O,X,X,-,-",5,6,"1,5","1,7,4","1,5","1,7,11",5,11,"5,2","6,5,2","-,-,5,7,-,-","-,0,5,7,-,-","-,-,G3,D4,-,-","-,A2,G3,D4,-,-","-,-,55,62,-,-","-,45,55,62,-,-",10
leland,C,C,C,"-,-,R,-,-,-","-,-,X,-,-,-","O,O,X,O,O,O",6,4,1,"1,3,3,2,5,7",1,"1,3,10,9,12,14",1,14,6,"4,6,6,5,1,3","-,-,7,-,-,-","0,0,7,0,0,0","-,-,A3,-,-,-","F2,A2,A3,G3,C4,E4","-,-,57,-,-,-","41,45,57,55,60,64",4
leland,C,C,C,"-,-,R,P,-,-","-,-,X,X,-,-","-,-,X,X,-,-",6,6,"1,5","1,5","1,5","1,5",5,5,"6,3","6,3","-,-,7,9,-,-","-,-,7,9,-,-","-,-,A3,E4,-,-","-,-,A3,E4,-,-","-,-,57,64,-,-","-,-,57,64,-,-",8
leland,C,C,C,"-,-,R,P,-,-","-,-,X,X,-,-","-,O,X,X,-,-",6,6,"1,5","1,1,5","1,5","1,8,12",5,12,"6,3","6,6,3","-,-,7,9,-,-","-,0,7,9,-,-","-,-,A3,E4,-,-","-,A2,A3,E4,-,-","-,-,57,64,-,-","-,45,57,64,-,-",10
leland,C,C,C,"-,-,R,R,-,-","-,-,X,X,-,-","-,-,X,X,-,-",6#,6#,"1#,4#","1#,4#","1#,4#","1#,4#",4#,4#,"6#,2#","6#,2#","-,-,8,8,-,-","-,-,8,8,-,-","-,-,A#3,D#4,-,-","-,-,A#3,D#4,-,-","-,-,58,63,-,-","-,-,58,63,-,-",1
leland,C,C,C,"-,-,R,-,-,-","-,-,X,-,-,-","O,O,X,O,O,-",7,4,1,"1,3,4,2,5",1,"1,3,11,9,12",1,12,7,"4,6,7,5,1","-,-,9,-,-,-","0,0,9,0,0,-","-,-,B3,-,-,-","F2,A2,B3,G3,C4,-","-,-,59,-,-,-","41,45,59,55,60,-",20
leland,C,C,C,"-,-,R,-,-,-","-,-,X,-,-,-","O,O,X,O,O,O",7,4,1,"1,3,4,2,5,7",1,"1,3,11,9,12,14",1,14,7,"4,6,7,5,1,3","-,-,9,-,-,-","0,0,9,0,0,0","-,-,B3,-,-,-","F2,A2,B3,G3,C4,E4","-,-,59,-,-,-","41,45,59,55,60,64",16
leland,C,C,C,"-,-,R,-,-,M","-,-,X,-,-,X","O,O,X,O,O,X",7,4,"1,2","1,3,4,2,5,5","1,9","1,3,11,9,12,5",9,5,"7,1","4,6,7,5,1,1","-,-,9,-,-,8","0,0,9,0,0,8","-,-,B3,-,-,C5","F2,A2,B3,G3,C4,C5","-,-,59,-,-,72","41,45,59,55,60,72",18
leland,C,C,C,"-,-,R,-,M,-","-,-,X,-,X,-","O,O,X,O,X,-",7,4,"1,6","1,3,4,2,2","1,6","1,3,11,9,2",6,2,"7,5","4,6,7,5,5","-,-,9,-,7,-","0,0,9,0,7,-","-,-,B3,-,G4,-","F2,A2,B3,G3,G4,-","-,-,59,-,67,-","41,45,59,55,67,-",10
leland,C,C,C,"-,-,R,-,M,-","-,-,X,-,X,-","O,O,X,O,X,O",7,4,"1,6","1,3,4,2,2,7","1,6","1,3,11,9,2,14",6,14,"7,5","4,6,7,5,5,3","-,-,9,-,7,-","0,0,9,0,7,0","-,-,B3,-,G4,-","F2,A2,B3,G3,G4,E4","-,-,59,-,67,-","41,45,59,55,67,64",2
leland,C,C,C,"-,R,-,-,-,-","-,X,-,-,-,-","O,X,O,O,O,O",5,4,1,"1,2,6,2,5,7",1,"1,9,6,9,12,14",1,14,5,"4,5,2,5,1,3","-,10,-,-,-,-","0,10,0,0,0,0","-,G3,-,-,-,-","F2,G3,D3,G3,C4,E4","-,55,-,-,-,-","41,55,50,55,60,64",12
leland,C,C,C,"-,R,-,-,-,P","-,X,-,-,-,X","O,X,O,O,O,X",5,4,"1,6","1,2,6,2,5,7","1,13","1,9,6,9,12,7",13,7,"5,3","4,5,2,5,1,3","-,10,-,-,-,12","0,10,0,0,0,12","-,G3,-,-,-,E5","F2,G3,D3,G3,C4,E5","-,55,-,-,-,76","41,55,50,55,60,76",30
leland,C,C,C,"-,R,-,-,-,R","-,X,-,-,-,X","O,X,O,O,O,X",6,4,"1,5","1,3,6,2,5,7","1,12","1,10,6,9,12,7",12,7,"6,3","4,6,2,5,1,3","-,12,-,-,-,12","0,12,0,0,0,12","-,A3,-,-,-,E5","F2,A3,D3,G3,C4,E5","-,57,-,-,-,76","41,57,50,55,60,76",30
leland,C,C,C,"-,R,-,R,R,-","-,X,-,X,X,-","-,X,O,X,X,O",6,6,"1,7,3","1,4,7,3,5","1,7,10","1,11,7,10,5",10,5,"6,5,1","6,2,5,1,3","-,12,-,12,12,-","-,12,0,12,12,0","-,A3,-,G4,C5,-","-,A3,D3,G4,C5,E4","-,57,-,67,72,-","-,57,50,67,72,64",4
leland,C,C,C,"-,R,P,-,-,-","-,X,X,-,-,-","-,X,X,-,O,-",7,7,"1,5","1,5,2","1,5","1,5,9",5,9,"7,4","7,4,1","-,2,3,-,-,-","-,2,3,-,0,-","-,B2,F3,-,-,-","-,B2,F3,-,C4,-","-,47,53,-,-,-","-,47,53,-,60,-",4
leland,C,C,C,"-,R,P,-,-,-","-,X,X,-,-,-","O,X,X,-,O,-",7,4,"1,5","1,4,1,5","1,5","1,4,8,12",5,12,"7,4","4,7,4,1","-,2,3,-,-,-","0,2,3,-,0,-","-,B2,F3,-,-,-","F2,B2,F3,-,C4,-","-,47,53,-,-,-","41,47,53,-,60,-",10
leland,C,C,C,"-,R,P,-,-,-","-,X,X,-,-,-","O,X,X,-,O,O",7,4,"1,5","1,4,1,5,7","1,5","1,4,8,12,14",5,14,"7,4","4,7,4,1,3","-,2,3,-,-,-","0,2,3,-,0,0","-,B2,F3,-,-,-","F2,B2,F3,-,C4,E4","-,47,53,-,-,-","41,47,53,-,60,64",2
leland,C,C,C,"-,R,P,-,-,-","-,X,X,-,-,-","O,X,X,O,O,-",7,4,"1,5","1,4,1,2,5","1,5","1,4,8,9,12",5,12,"7,4","4,7,4,5,1","-,2,3,-,-,-","0,2,3,0,0,-","-,B2,F3,-,-,-","F2,B2,F3,G3,C4,-","-,47,53,-,-,-","41,47,53,55,60,-",1
leland,C,C,C,"-,R,-,-,-,-","-,X,-,-,-,-","-,X,O,O,-,-",1,1,1,"1,2,5",1,"1,2,5",1,5,1,"1,2,5","-,3,-,-,-,-","-,3,0,0,-,-","-,C3,-,-,-,-","-,C3,D3,G3,-,-","-,48,-,-,-,-","-,48,50,55,-,-",1
leland,C,C,C,"-,R,-,-,-,R","-,X,-,-,-,X","O,X,O,O,O,X",1,4,"1,5","1,5,6,2,5,2","1,12","1,5,6,9,12,2",12,2,"1,5","4,1,2,5,1,5","-,3,-,-,-,3","0,3,0,0,0,3","-,C3,-,-,-,G4","F2,C3,D3,G3,C4,G4","-,48,-,-,-,67","41,48,50,55,60,67",1
leland,C,C,C,"-,R,P,-,-,-","-,X,X,-,-,-","-,X,X,O,O,-",1,1,"1,5","1,5,5,1","1,5","1,5,5,8",5,8,"1,5","1,5,5,1","-,3,5,-,-,-","-,3,5,0,0,-","-,C3,G3,-,-,-","-,C3,G3,G3,C4,-","-,48,55,-,-,-","-,48,55,55,60,-",6
leland,C,C,C,"-,R,P,-,-,-","-,X,X,-,-,-","O,X,X,O,O,-",1,4,"1,5","1,5,2,2,5","1,5","1,5,9,9,12",5,12,"1,5","4,1,5,5,1","-,3,5,-,-,-","0,3,5,0,0,-","-,C3,G3,-,-,-","F2,C3,G3,G3,C4,-","-,48,55,-,-,-","41,48,55,55,60,-",23
leland,C,C,C,"-,R,-,-,R,-","-,X,-,-,X,-","O,X,O,O,X,O",3,4,"1,3","1,7,6,2,2,7","1,10","1,7,6,9,2,14",10,14,"3,5","4,3,2,5,5,3","-,7,-,-,7,-","0,7,0,0,7,0","-,E3,-,-,G4,-","F2,E3,D3,G3,G4,E4","-,52,-,-,67,-","41,52,50,55,67,64",24
leland,C,C,C,"-,R,-,-,-,-","-,X,-,-,-,-","O,X,O,O,O,-",4,4,1,"1,1,6,2,5",1,"1,8,6,9,12",1,12,4,"4,4,2,5,1","-,8,-,-,-,-","0,8,0,0,0,-","-,F3,-,-,-,-","F2,F3,D3,G3,C4,-","-,53,-,-,-,-","41,53,50,55,60,-",3
leland,C,C,C,"-,R,-,-,M,-","-,X,-,-,X,-","O,X,O,O,X,-",4,4,"1,2","1,1,6,2,2","1,9","1,8,6,9,2",9,2,"4,5","4,4,2,5,5","-,8,-,-,7,-","0,8,0,0,7,-","-,F3,-,-,G4,-","F2,F3,D3,G3,G4,-","-,53,-,-,67,-","41,53,50,55,67,-",10
leland,C,C,C,"-,R,-,-,M,-","-,X,-,-,X,-","O,X,O,O,X,O",4,4,"1,2","1,1,6,2,2,7","1,9","1,8,6,9,2,14",9,14,"4,5","4,4,2,5,5,3","-,8,-,-,7,-","0,8,0,0,7,0","-,F3,-,-,G4,-","F2,F3,D3,G3,G4,E4","-,53,-,-,67,-","41,53,50,55,67,64",2
leland,C,C,C,"-,R,P,-,-,-","-,X,X,-,-,-","O,X,X,O,O,-",4,4,"1,4","1,1,4,2,5","1,4","1,8,11,9,12",4,12,"4,7","4,4,7,5,1","-,8,9,-,-,-","0,8,9,0,0,-","-,F3,B3,-,-,-","F2,F3,B3,G3,C4,-","-,53,59,-,-,-","41,53,59,55,60,-",3
leland,C,C,C,"R,M,-,-,P,-","X,X,-,-,X,-","X,X,O,O,X,O",3,3,"1,3,6","1,3,7,3,6,1","1,3,13","1,3,14,3,13,8",13,8,"3,5,1","3,5,2,5,1,3","11,10,-,-,12,-","11,10,0,0,12,0","E3,G3,-,-,C5,-","E3,G3,D3,G3,C5,E4","52,55,-,-,72,-","52,55,50,55,72,64",6
leland,C,C,C,"R,M,-,P,-,-","X,X,-,X,-,-","X,X,O,X,O,O",3,3,"1,3,3","1,3,7,3,6,1","1,3,10","1,3,14,10,6,8",10,8,"3,5,5","3,5,2,5,1,3","11,10,-,12,-,-","11,10,0,12,0,0","E3,G3,-,G4,-,-","E3,G3,D3,G4,C4,E4","52,55,-,67,-,-","52,55,50,67,60,64",36
leland,C,C,C,"R,P,-,-,-,-","X,X,-,-,-,-","X,X,O,O,O,O",3,3,"1,5","1,5,7,3,6,1","1,5","1,5,14,3,6,8",5,8,"3,7","3,7,2,5,1,3","11,14,-,-,-,-","11,14,0,0,0,0","E3,B3,-,-,-,-","E3,B3,D3,G3,C4,E4","52,59,-,-,-,-","52,59,50,55,60,64",42
leland,C,C,C,"R,R,R,-,-,-","X,X,X,-,-,-","X,X,X,-,-,-",5,5,"1,3,6","1,3,6","1,3,6","1,3,6",6,6,"5,7,3","5,7,3","2,2,2,-,-,-","2,2,2,-,-,-","G2,B2,E3,-,-,-","G2,B2,E3,-,-,-","43,47,52,-,-,-","43,47,52,-,-,-",2
leland,C,C,C,"R,P,-,-,-,-","X,X,-,-,-,-","X,X,-,O,O,-",5,5,"1,4","1,4,1,4","1,4","1,4,8,11",4,11,"5,1","5,1,5,1","2,3,-,-,-,-","2,3,-,0,0,-","G2,C3,-,-,-,-","G2,C3,-,G3,C4,-","43,48,-,-,-,-","43,48,-,55,60,-",6
leland,C,C,C,"R,P,-,-,-,-","X,X,-,-,-,-","X,X,O,O,O,-",5,5,"1,4","1,4,5,1,4","1,4","1,4,5,8,11",4,11,"5,1","5,1,2,5,1","2,3,-,-,-,-","2,3,0,0,0,-","G2,C3,-,-,-,-","G2,C3,D3,G3,C4,-","43,48,-,-,-,-","43,48,50,55,60,-",3
leland,C,C,C,"R,P,-,-,-,P","X,X,-,-,-,X","X,X,O,O,O,X",5,5,"1,4,1","1,4,5,1,4,1","1,4,1","1,4,5,8,11,1",1,1,"5,1,5","5,1,2,5,1,5","2,3,-,-,-,3","2,3,0,0,0,3","G2,C3,-,-,-,G4","G2,C3,D3,G3,C4,G4","43,48,-,-,-,67","43,48,50,55,60,67",19
leland,C,C,C,"R,P,-,PP,-,-","X,X,-,X,-,-","X,X,O,X,-,-",5,5,"1,4,3","1,4,5,3","1,4,10","1,4,5,10",10,10,"5,1,7","5,1,2,7","2,3,-,4,-,-","2,3,0,4,-,-","G2,C3,-,B3,-,-","G2,C3,D3,B3,-,-","43,48,-,59,-,-","43,48,50,59,-,-",6
leland,C,C,C,"R,-,-,R,-,-","X,-,-,X,-,-","X,O,O,X,O,-",6,6,"1,2","1,1,4,2,3","1,9","1,1,4,9,10",9,10,"6,7","6,6,2,7,1","4,-,-,4,-,-","4,0,0,4,0,-","A2,-,-,B3,-,-","A2,A2,D3,B3,C4,-","45,-,-,59,-,-","45,45,50,59,60,-",6
leland,C,C,C,"R,M,-,R,-,-","X,X,-,X,-,-","X,X,O,X,O,-",6,6,"1,3,2","1,3,4,2,3","1,3,9","1,3,4,9,10",9,10,"6,1,7","6,1,2,7,1","4,3,-,4,-,-","4,3,0,4,0,-","A2,C3,-,B3,-,-","A2,C3,D3,B3,C4,-","45,48,-,59,-,-","45,48,50,59,60,-",27
leland,C,C,C,"R,-,-,R,-,-","X,-,-,X,-,-","X,O,O,X,O,-",1,1,"1,2","1,6,2,2,1","1,9","1,13,2,9,8",9,8,"1,2","1,6,2,2,1","7,-,-,7,-,-","7,0,0,7,0,-","C3,-,-,D4,-,-","C3,A2,D3,D4,C4,-","48,-,-,62,-,-","48,45,50,62,60,-",26
leland,C,C,C,"R,-,-,-,-,-","X,-,-,-,-,-","X,O,O,O,O,O",2,2,1,"1,5,1,4,7,2",1,"1,12,1,4,7,9",1,9,2,"2,6,2,5,1,3","9,-,-,-,-,-","9,0,0,0,0,0","D3,-,-,-,-,-","D3,A2,D3,G3,C4,E4","50,-,-,-,-,-","50,45,50,55,60,64",2
rakuen,C,C,C,"-,-,-,-,R,-","-,-,-,-,X,-","-,-,-,O,X,-",5,5,1,"1,1",1,"1,8",1,8,5,"5,5","-,-,-,-,7,-","-,-,-,0,7,-","-,-,-,-,G4,-","-,-,-,G3,G4,-","-,-,-,-,67,-","-,-,-,55,67,-",6
rakuen,C,C,C,"-,-,R,P,-,-","-,-,X,X,-,-","O,O,X,X,O,O",3,4,"1,5","1,3,7,4,5,7","1,5","1,3,7,11,12,14",5,14,"3,7","4,6,3,7,1,3","-,-,2,4,-,-","0,0,2,4,0,0","-,-,E3,B3,-,-","F2,A2,E3,B3,C4,E4","-,-,52,59,-,-","41,45,52,59,60,64",12
rakuen,C,C,C,"-,-,R,-,-,-","-,-,X,-,-,-","O,O,X,-,O,O",4,4,1,"1,3,1,5,7",1,"1,3,8,12,14",1,14,4,"4,6,4,1,3","-,-,3,-,-,-","0,0,3,-,0,0","-,-,F3,-,-,-","F2,A2,F3,-,C4,E4","-,-,53,-,-,-","41,45,53,-,60,64",3
rakuen,C,C,C,"-,-,R,-,-,-","-,-,X,-,-,-","O,O,X,O,O,O",4,4,1,"1,3,1,2,5,7",1,"1,3,8,9,12,14",1,14,4,"4,6,4,5,1,3","-,-,3,-,-,-","0,0,3,0,0,0","-,-,F3,-,-,-","F2,A2,F3,G3,C4,E4","-,-,53,-,-,-","41,45,53,55,60,64",2
rakuen,C,C,C,"-,-,R,-,-,R","-,-,X,-,-,X","O,O,X,O,O,X",4,4,"1,2","1,3,1,2,5,2","1,9","1,3,8,9,12,2",9,2,"4,5","4,6,4,5,1,5","-,-,3,-,-,3","0,0,3,0,0,3","-,-,F3,-,-,G4","F2,A2,F3,G3,C4,G4","-,-,53,-,-,67","41,45,53,55,60,67",8
rakuen,C,C,C,"-,-,R,M,-,-","-,-,X,X,-,-","O,O,X,X,O,O",4,4,"1,3","1,3,1,3,5,7","1,3","1,3,8,10,12,14",3,14,"4,6","4,6,4,6,1,3","-,-,3,2,-,-","0,0,3,2,0,0","-,-,F3,A3,-,-","F2,A2,F3,A3,C4,E4","-,-,53,57,-,-","41,45,53,57,60,64",4
rakuen,C,C,C,"-,-,R,-,M,-","-,-,X,-,X,-","-,-,X,O,X,O",5,5,"1,6","1,1,6,6","1,6","1,1,6,6",6,6,"5,3","5,5,3,3","-,-,5,-,4,-","-,-,5,0,4,0","-,-,G3,-,E4,-","-,-,G3,G3,E4,E4","-,-,55,-,64,-","-,-,55,55,64,64",2
rakuen,C,C,C,"-,-,R,R,-,-","-,-,X,X,-,-","O,O,X,X,O,O",5,4,"1,4","1,3,2,5,5,7","1,4","1,3,9,12,12,14",4,14,"5,1","4,6,5,1,1,3","-,-,5,5,-,-","0,0,5,5,0,0","-,-,G3,C4,-,-","F2,A2,G3,C4,C4,E4","-,-,55,60,-,-","41,45,55,60,60,64",12
rakuen,C,C,C,"-,R,-,P,-,-","-,X,-,X,-,-","O,X,O,X,O,-",6#,4,"1#,1","1,3#,6,3,5","1#,1","1,3#,6,10,12",1,12,"6#,6","4,6#,2,6,1","-,1,-,2,-,-","0,1,0,2,0,-","-,A#2,-,A3,-,-","F2,A#2,D3,A3,C4,-","-,46,-,57,-,-","41,46,50,57,60,-",2
rakuen,C,C,C,"-,R,-,M,-,-","-,X,-,X,-,-","O,X,O,X,O,O",5,4,"1,6","1,2,6,7,5,7","1,6","1,9,6,14,12,14",6,14,"5,3","4,5,2,3,1,3","-,10,-,9,-,-","0,10,0,9,0,0","-,G3,-,E4,-,-","F2,G3,D3,E4,C4,E4","-,55,-,64,-,-","41,55,50,64,60,64",8
rakuen,C,C,C,"-,R,-,M,-,-","-,X,-,X,-,-","O,X,O,X,O,O",5#,4,"1#,7","1,2#,6,1,5,7","1#,7","1,9#,6,1,12,14",7,14,"5#,4","4,5#,2,4,1,3","-,11,-,10,-,-","0,11,0,10,0,0","-,G#3,-,F4,-,-","F2,G#3,D3,F4,C4,E4","-,56,-,65,-,-","41,56,50,65,60,64",8
rakuen,C,C,C,"-,R,-,R,-,-","-,X,-,X,-,-","O,X,O,X,O,-",7,4,"1,7","1,4,6,3,5","1,7","1,4,6,10,12",7,12,"7,6","4,7,2,6,1","-,2,-,2,-,-","0,2,0,2,0,-","-,B2,-,A3,-,-","F2,B2,D3,A3,C4,-","-,47,-,57,-,-","41,47,50,57,60,-",3
rakuen,C,C,C,"-,R,-,-,-,-","-,X,-,-,-,-","O,X,O,O,-,-",1,4,1,"1,5,6,2",1,"1,5,6,9",1,9,1,"4,1,2,5","-,3,-,-,-,-","0,3,0,0,-,-","-,C3,-,-,-,-","F2,C3,D3,G3,-,-","-,48,-,-,-,-","41,48,50,55,-,-",2
rakuen,C,C,C,"-,R,-,-,-,-","-,X,-,-,-,-","O,X,O,O,O,-",1,4,1,"1,5,6,2,5",1,"1,5,6,9,12",1,12,1,"4,1,2,5,1","-,3,-,-,-,-","0,3,0,0,0,-","-,C3,-,-,-,-","F2,C3,D3,G3,C4,-","-,48,-,-,-,-","41,48,50,55,60,-",4
rakuen,C,C,C,"-,R,-,-,-,-","-,X,-,-,-,-","O,X,O,O,O,O",1,4,1,"1,5,6,2,5,7",1,"1,5,6,9,12,14",1,14,1,"4,1,2,5,1,3","-,3,-,-,-,-","0,3,0,0,0,0","-,C3,-,-,-,-","F2,C3,D3,G3,C4,E4","-,48,-,-,-,-","41,48,50,55,60,64",70
rakuen,C,C,C,"-,R,-,M,-,-","-,X,-,X,-,-","O,X,O,X,O,-",1,4,"1,6","1,5,6,3,5","1,6","1,5,6,10,12",6,12,"1,6","4,1,2,6,1","-,3,-,2,-,-","0,3,0,2,0,-","-,C3,-,A3,-,-","F2,C3,D3,A3,C4,-","-,48,-,57,-,-","41,48,50,57,60,-",2
rakuen,C,C,C,"-,R,-,P,-,-","-,X,-,X,-,-","O,X,O,X,O,O",1,4,"1,1","1,5,6,5,5,7","1,8","1,5,6,12,12,14",8,14,"1,1","4,1,2,1,1,3","-,3,-,5,-,-","0,3,0,5,0,0","-,C3,-,C4,-,-","F2,C3,D3,C4,C4,E4","-,48,-,60,-,-","41,48,50,60,60,64",136
rakuen,C,C,C,"-,R,M,-,-,-","-,X,X,-,-,-","O,X,X,O,O,O",1,4,"1,3","1,5,7,2,5,7","1,3","1,5,7,9,12,14",3,14,"1,3","4,1,3,5,1,3","-,3,2,-,-,-","0,3,2,0,0,0","-,C3,E3,-,-,-","F2,C3,E3,G3,C4,E4","-,48,52,-,-,-","41,48,52,55,60,64",117
rakuen,C,C,C,"-,R,P,-,-,-","-,X,X,-,-,-","-,X,X,O,O,O",1#,1#,"1#,5","1#,5,5,1,3","1#,5","1#,5,5,1,10",5,10,"1#,5","1#,5,5,1,3","-,4,5,-,-,-","-,4,5,0,0,0","-,C#3,G3,-,-,-","-,C#3,G3,G3,C4,E4","-,49,55,-,-,-","-,49,55,55,60,64",4
rakuen,C,C,C,"-,R,P,-,P,-","-,X,X,-,X,-","-,X,X,-,X,-",1#,1#,"1#,5,4","1#,5,4","1#,5,11","1#,5,11",11,11,"1#,5,4","1#,5,4","-,4,5,-,5,-","-,4,5,-,5,-","-,C#3,G3,-,F4,-","-,C#3,G3,-,F4,-","-,49,55,-,65,-","-,49,55,-,65,-",3
rakuen,C,C,C,"-,R,-,R,-,-","-,X,-,X,-,-","-,X,O,X,O,O",2,2,"1,7","1,1,7,7,2","1,7","1,1,7,7,9",7,9,"2,1","2,2,1,1,3","-,5,-,5,-,-","-,5,0,5,0,0","-,D3,-,C4,-,-","-,D3,D3,C4,C4,E4","-,50,-,60,-,-","-,50,50,60,60,64",3
rakuen,C,C,C,"-,R,R,-,R,-","-,X,X,-,X,-","-,X,X,-,X,-",2,2,"1,4,3","1,4,3","1,4,10","1,4,10",10,10,"2,5,4","2,5,4","-,5,5,-,5,-","-,5,5,-,5,-","-,D3,G3,-,F4,-","-,D3,G3,-,F4,-","-,50,55,-,65,-","-,50,55,-,65,-",2
rakuen,C,C,C,"-,R,R,-,R,-","-,X,X,-,X,-","O,X,X,O,X,-",2,4,"1,4,3","1,6,2,2,1","1,4,10","1,6,9,9,1",10,1,"2,5,4","4,2,5,5,4","-,5,5,-,5,-","0,5,5,0,5,-","-,D3,G3,-,F4,-","F2,D3,G3,G3,F4,-","-,50,55,-,65,-","41,50,55,55,65,-",2
rakuen,C,C,C,"-,R,-,R,-,-","-,X,-,X,-,-","-,X,O,X,O,O",3,3,"1,7","1,7,7,6,1","1,7","1,14,7,6,8",7,8,"3,2","3,2,2,1,3","-,7,-,7,-,-","-,7,0,7,0,0","-,E3,-,D4,-,-","-,E3,D3,D4,C4,E4","-,52,-,62,-,-","-,52,50,62,60,64",3
rakuen,C,C,C,"-,R,-,P,-,-","-,X,-,X,-,-","-,X,-,X,-,-",4,4,"1,7","1,7","1,7","1,7",7,7,"4,3","4,3","-,8,-,9,-,-","-,8,-,9,-,-","-,F3,-,E4,-,-","-,F3,-,E4,-,-","-,53,-,64,-,-","-,53,-,64,-,-",2
rakuen,C,C,C,"-,R,-,P,-,-","-,X,-,X,-,-","-,X,O,X,O,-",4#,4#,"1#,1","1#,6,1,5","1#,1","1#,13,1,5",1,5,"4#,4","4#,2,4,1","-,9,-,10,-,-","-,9,0,10,0,-","-,F#3,-,F4,-,-","-,F#3,D3,F4,C4,-","-,54,-,65,-,-","-,54,50,65,60,-",4
rakuen,C,C,C,"-,R,-,R,-,-","-,X,-,X,-,-","-,X,O,X,O,O",4#,4#,"1#,7","1#,6,7,5,7","1#,7","1#,13,7,5,7",7,7,"4#,3","4#,2,3,1,3","-,9,-,9,-,-","-,9,0,9,0,0","-,F#3,-,E4,-,-","-,F#3,D3,E4,C4,E4","-,54,-,64,-,-","-,54,50,64,60,64",8
rakuen,C,C,C,"R,-,-,-,-,-","X,-,-,-,-,-","X,O,O,O,O,-",4#,4#,1#,"1#,3,6,2,5",1#,"1#,3,6,9,12",1#,12,4#,"4#,6,2,5,1","1,-,-,-,-,-","1,0,0,0,0,-","F#2,-,-,-,-,-","F#2,A2,D3,G3,C4,-","42,-,-,-,-,-","42,45,50,55,60,-",6
rakuen,C,C,C,"R,-,-,P,-,-","X,-,-,X,-,-","X,O,O,X,O,O",4#,4#,"1#,3","1#,3,6,3,5,7","1#,10","1#,3,6,10,12,14",10,14,"4#,6","4#,6,2,6,1,3","1,-,-,2,-,-","1,0,0,2,0,0","F#2,-,-,A3,-,-","F#2,A2,D3,A3,C4,E4","42,-,-,57,-,-","42,45,50,57,60,64",5
rakuen,C,C,C,"R,-,P,-,-,-","X,-,X,-,-,-","X,O,X,O,O,O",4#,4#,"1#,7","1#,3,7,2,5,7","1#,7","1#,3,7,9,12,14",7,14,"4#,3","4#,6,3,5,1,3","1,-,2,-,-,-","1,0,2,0,0,0","F#2,-,E3,-,-,-","F#2,A2,E3,G3,C4,E4","42,-,52,-,-,-","42,45,52,55,60,64",91
rakuen,C,C,C,"R,-,-,-,-,-","X,-,-,-,-,-","X,O,O,O,O,-",5,5,1,"1,2,5,1,4",1,"1,2,5,8,11",1,11,5,"5,6,2,5,1","2,-,-,-,-,-","2,0,0,0,0,-","G2,-,-,-,-,-","G2,A2,D3,G3,C4,-","43,-,-,-,-,-","43,45,50,55,60,-",2
rakuen,C,C,C,"R,-,-,-,-,-","X,-,-,-,-,-","X,O,O,O,O,O",5,5,1,"1,2,5,1,4,6",1,"1,2,5,8,11,13",1,13,5,"5,6,2,5,1,3","2,-,-,-,-,-","2,0,0,0,0,0","G2,-,-,-,-,-","G2,A2,D3,G3,C4,E4","43,-,-,-,-,-","43,45,50,55,60,64",6
rakuen,C,C,C,"R,-,P,-,-,-","X,-,X,-,-,-","X,O,X,O,O,O",5,5,"1,7","1,2,7,1,4,6","1,7","1,2,7,8,11,13",7,13,"5,4","5,6,4,5,1,3","2,-,3,-,-,-","2,0,3,0,0,0","G2,-,F3,-,-,-","G2,A2,F3,G3,C4,E4","43,-,53,-,-,-","43,45,53,55,60,64",61
rakuen,C,C,C,"R,-,-,P,-,-","X,-,-,X,-,-","X,O,O,X,O,O",5#,5#,"1#,4","1#,2,5,4,4,6","1#,11","1#,2,5,11,11,13",11,13,"5#,1","5#,6,2,1,1,3","3,-,-,5,-,-","3,0,0,5,0,0","G#2,-,-,C4,-,-","G#2,A2,D3,C4,C4,E4","44,-,-,60,-,-","44,45,50,60,60,64",9
rakuen,C,C,C,"R,-,-,M,-,-","X,-,-,X,-,-","X,O,O,X,O,O",6,6,"1,1#","1,1,4,1#,3,5","1,8#","1,1,4,8#,10,12",8#,12,"6,6#","6,6,2,6#,1,3","4,-,-,3,-,-","4,0,0,3,0,0","A2,-,-,A#3,-,-","A2,A2,D3,A#3,C4,E4","45,-,-,58,-,-","45,45,50,58,60,64",3
rakuen,C,C,C,"R,-,-,R,-,-","X,-,-,X,-,-","X,O,O,X,O,O",6,6,"1,2","1,1,4,2,3,5","1,9","1,1,4,9,10,12",9,12,"6,7","6,6,2,7,1,3","4,-,-,4,-,-","4,0,0,4,0,0","A2,-,-,B3,-,-","A2,A2,D3,B3,C4,E4","45,-,-,59,-,-","45,45,50,59,60,64",8
rakuen,C,C,C,"R,-,-,P,-,-","X,-,-,X,-,-","X,O,O,X,O,O",6,6,"1,3","1,1,4,3,3,5","1,10","1,1,4,10,10,12",10,12,"6,1","6,6,2,1,1,3","4,-,-,5,-,-","4,0,0,5,0,0","A2,-,-,C4,-,-","A2,A2,D3,C4,C4,E4","45,-,-,60,-,-","45,45,50,60,60,64",31
rakuen,C,C,C,"R,-,P,-,-,-","X,-,X,-,-,-","X,O,X,O,O,O",6,6,"1,7","1,1,7,7,3,5","1,7","1,1,7,7,10,12",7,12,"6,5","6,6,5,5,1,3","4,-,5,-,-,-","4,0,5,0,0,0","A2,-,G3,-,-,-","A2,A2,G3,G3,C4,E4","45,-,55,-,-,-","45,45,55,55,60,64",3
rakuen,C,C,C,"R,-,R,-,-,-","X,-,X,-,-,-","X,O,X,O,O,O",6#,6#,"1#,7","1#,1,7,7,3,5","1#,7","1#,8,7,7,10,12",7,12,"6#,5","6#,6,5,5,1,3","5,-,5,-,-,-","5,0,5,0,0,0","A#2,-,G3,-,-,-","A#2,A2,G3,G3,C4,E4","46,-,55,-,-,-","46,45,55,55,60,64",2
rakuen,C,C,C,"R,-,P,-,-,M","X,-,X,-,-,X","X,-,X,-,O,X",7,7,"1,7,7","1,7,2,7","1,7,14","1,7,9,14",14,14,"7,6,6","7,6,1,6","6,-,7,-,-,5","6,-,7,-,0,5","B2,-,A3,-,-,A4","B2,-,A3,-,C4,A4","47,-,57,-,-,69","47,-,57,-,60,69",2
rakuen,C,C,C,"R,-,-,M,-,-","X,-,-,X,-,-","X,O,O,X,O,O",1,1,"1,1","1,6,2,1,1,3","1,8","1,13,2,8,8,10",8,10,"1,1","1,6,2,1,1,3","7,-,-,5,-,-","7,0,0,5,0,0","C3,-,-,C4,-,-","C3,A2,D3,C4,C4,E4","48,-,-,60,-,-","48,45,50,60,60,64",8
rakuen,C,C,C,"R,-,-,R,-,-","X,-,-,X,-,-","X,O,O,X,O,O",1,1,"1,2","1,6,2,2,1,3","1,9","1,13,2,9,8,10",9,10,"1,2","1,6,2,2,1,3","7,-,-,7,-,-","7,0,0,7,0,0","C3,-,-,D4,-,-","C3,A2,D3,D4,C4,E4","48,-,-,62,-,-","48,45,50,62,60,64",24
rakuen,C,C,C,"R,-,R,-,-,M","X,-,X,-,-,X","X,-,X,-,O,X",1,1,"1,6,6","1,6,1,6","1,6,13","1,6,8,13",13,13,"1,6,6","1,6,1,6","7,-,7,-,-,5","7,-,7,-,0,5","C3,-,A3,-,-,A4","C3,-,A3,-,C4,A4","48,-,57,-,-,69","48,-,57,-,60,69",2
razuro,C,C,C,"-,-,-,-,R,-","-,-,-,-,X,-","-,-,O,O,X,O",1,2,1,"1,4,7,2",1,"1,4,14,9",1,9,1,"2,5,1,3","-,-,-,-,12,-","-,-,0,0,12,0","-,-,-,-,C5,-","-,-,D3,G3,C5,E4","-,-,-,-,72,-","-,-,50,55,72,64",1
razuro,C,C,C,"-,-,R,M,-,-","-,-,X,X,-,-","O,O,X,X,O,O",1,4,"1,3","1,3,5,7,5,7","1,3","1,3,12,14,12,14",3,14,"1,3","4,6,1,3,1,3","-,-,10,9,-,-","0,0,10,9,0,0","-,-,C4,E4,-,-","F2,A2,C4,E4,C4,E4","-,-,60,64,-,-","41,45,60,64,60,64",1
razuro,C,C,C,"-,-,R,R,-,-","-,-,X,X,-,-","-,O,X,X,O,O",3,6,"1,4","1,5,1,3,5","1,4","1,5,8,10,12",4,12,"3,6","6,3,6,1,3","-,-,2,2,-,-","-,0,2,2,0,0","-,-,E3,A3,-,-","-,A2,E3,A3,C4,E4","-,-,52,57,-,-","-,45,52,57,60,64",19
razuro,C,C,C,"-,-,R,P,-,-","-,-,X,X,-,-","-,O,X,X,O,O",3,6,"1,5","1,5,2,3,5","1,5","1,5,9,10,12",5,12,"3,7","6,3,7,1,3","-,-,2,4,-,-","-,0,2,4,0,0","-,-,E3,B3,-,-","-,A2,E3,B3,C4,E4","-,-,52,59,-,-","-,45,52,59,60,64",8
razuro,C,C,C,"-,-,R,P,-,-","-,-,X,X,-,-","-,O,X,X,O,O",4,6,"1,4","1,6,2,3,5","1,4","1,6,9,10,12",4,12,"4,7","6,4,7,1,3","-,-,3,4,-,-","-,0,3,4,0,0","-,-,F3,B3,-,-","-,A2,F3,B3,C4,E4","-,-,53,59,-,-","-,45,53,59,60,64",4
razuro,C,C,C,"-,-,R,P,-,-","-,-,X,X,-,-","-,O,X,X,O,O",5,6,"1,5","1,7,4,3,5","1,5","1,7,11,10,12",5,12,"5,2","6,5,2,1,3","-,-,5,7,-,-","-,0,5,7,0,0","-,-,G3,D4,-,-","-,A2,G3,D4,C4,E4","-,-,55,62,-,-","-,45,55,62,60,64",2
razuro,C,C,C,"-,-,R,P,-,-","-,-,X,X,-,-","O,O,X,X,O,O",5,4,"1,5","1,3,2,6,5,7","1,5","1,3,9,13,12,14",5,14,"5,2","4,6,5,2,1,3","-,-,5,7,-,-","0,0,5,7,0,0","-,-,G3,D4,-,-","F2,A2,G3,D4,C4,E4","-,-,55,62,-,-","41,45,55,62,60,64",1
razuro,C,C,C,"-,-,R,R,-,-","-,-,X,X,-,-","-,-,X,X,-,-",6,6,"1,4","1,4","1,4","1,4",4,4,"6,2","6,2","-,-,7,7,-,-","-,-,7,7,-,-","-,-,A3,D4,-,-","-,-,A3,D4,-,-","-,-,57,62,-,-","-,-,57,62,-,-",1
razuro,C,C,C,"-,-,R,P,-,-","-,-,X,X,-,-","-,O,X,X,O,O",6,6,"1,5","1,1,5,3,5","1,5","1,8,12,10,12",5,12,"6,3","6,6,3,1,3","-,-,7,9,-,-","-,0,7,9,0,0","-,-,A3,E4,-,-","-,A2,A3,E4,C4,E4","-,-,57,64,-,-","-,45,57,64,60,64",2
razuro,C,C,C,"-,-,R,-,-,P","-,-,X,-,-,X","O,O,X,O,O,X",7,4,"1,3","1,3,4,2,5,6","1,10","1,3,11,9,12,6",10,6,"7,2","4,6,7,5,1,2","-,-,9,-,-,10","0,0,9,0,0,10","-,-,B3,-,-,D5","F2,A2,B3,G3,C4,D5","-,-,59,-,-,74","41,45,59,55,60,74",3
razuro,C,C,C,"-,-,R,-,-,M","-,-,X,-,-,X","O,O,X,O,O,X",7,4,"1,1","1,3,4,2,5,4","1,8","1,3,11,9,12,4",8,4,"7,7","4,6,7,5,1,7","-,-,9,-,-,7","0,0,9,0,0,7","-,-,B3,-,-,B4","F2,A2,B3,G3,C4,B4","-,-,59,-,-,71","41,45,59,55,60,71",6
razuro,C,C,C,"-,-,R,M,-,-","-,-,X,X,-,-","O,O,X,X,O,O",7,4,"1,3","1,3,4,6,5,7","1,3","1,3,11,13,12,14",3,14,"7,2","4,6,7,2,1,3","-,-,9,7,-,-","0,0,9,7,0,0","-,-,B3,D4,-,-","F2,A2,B3,D4,C4,E4","-,-,59,62,-,-","41,45,59,62,60,64",1
razuro,C,C,C,"-,R,-,-,-,-","-,X,-,-,-,-","-,X,O,O,O,O",5,5,1,"1,5,1,4,6",1,"1,12,1,4,6",1,6,5,"5,2,5,1,3","-,10,-,-,-,-","-,10,0,0,0,0","-,G3,-,-,-,-","-,G3,D3,G3,C4,E4","-,55,-,-,-,-","-,55,50,55,60,64",8
razuro,C,C,C,"-,R,-,-,P,-","-,X,-,-,X,-","-,X,O,O,X,O",5,5,"1,4","1,5,1,4,6","1,11","1,12,1,11,6",11,6,"5,1","5,2,5,1,3","-,10,-,-,12,-","-,10,0,0,12,0","-,G3,-,-,C5,-","-,G3,D3,G3,C5,E4","-,55,-,-,72,-","-,55,50,55,72,64",6
razuro,C,C,C,"-,R,M,-,-,-","-,X,X,-,-,-","-,X,X,O,O,O",5,5,"1,3","1,3,1,4,6","1,3","1,3,1,4,6",3,6,"5,7","5,7,5,1,3","-,10,9,-,-,-","-,10,9,0,0,0","-,G3,B3,-,-,-","-,G3,B3,G3,C4,E4","-,55,59,-,-,-","-,55,59,55,60,64",4
razuro,C,C,C,"-,R,M,-,-,MM","-,X,X,-,-,X","-,X,X,O,O,X",5,5,"1,3,3","1,3,1,4,3","1,3,10","1,3,1,4,10",10,10,"5,7,7","5,7,5,1,7","-,10,9,-,-,7","-,10,9,0,0,7","-,G3,B3,-,-,B4","-,G3,B3,G3,C4,B4","-,55,59,-,-,71","-,55,59,55,60,71",2
razuro,C,C,C,"-,R,-,-,-,-","-,X,-,-,-,-","O,X,O,O,O,O",1,4,1,"1,5,6,2,5,7",1,"1,5,6,9,12,14",1,14,1,"4,1,2,5,1,3","-,3,-,-,-,-","0,3,0,0,0,0","-,C3,-,-,-,-","F2,C3,D3,G3,C4,E4","-,48,-,-,-,-","41,48,50,55,60,64",2
razuro,C,C,C,"-,R,-,-,M,-","-,X,-,-,X,-","O,X,O,O,X,O",1,4,"1,2","1,5,6,2,6,7","1,9","1,5,6,9,13,14",9,14,"1,2","4,1,2,5,2,3","-,3,-,-,2,-","0,3,0,0,2,0","-,C3,-,-,D4,-","F2,C3,D3,G3,D4,E4","-,48,-,-,62,-","41,48,50,55,62,64",6
razuro,C,C,C,"-,R,R,-,-,-","-,X,X,-,-,-","O,X,X,O,O,O",1,4,"1,4","1,5,1,2,5,7","1,4","1,5,8,9,12,14",4,14,"1,4","4,1,4,5,1,3","-,3,3,-,-,-","0,3,3,0,0,0","-,C3,F3,-,-,-","F2,C3,F3,G3,C4,E4","-,48,53,-,-,-","41,48,53,55,60,64",4
razuro,C,C,C,"-,R,-,R,-,-","-,X,-,X,-,-","-,X,O,X,O,O",2,2,"1,7","1,1,7,7,2","1,7","1,1,7,7,9",7,9,"2,1","2,2,1,1,3","-,5,-,5,-,-","-,5,0,5,0,0","-,D3,-,C4,-,-","-,D3,D3,C4,C4,E4","-,50,-,60,-,-","-,50,50,60,60,64",3
razuro,C,C,C,"-,R,-,P,-,-","-,X,-,X,-,-","-,X,-,X,-,-",2,2,"1,1","1,1","1,8","1,8",8,8,"2,2","2,2","-,5,-,7,-,-","-,5,-,7,-,-","-,D3,-,D4,-,-","-,D3,-,D4,-,-","-,50,-,62,-,-","-,50,-,62,-,-",2
razuro,C,C,C,"-,R,P,-,-,-","-,X,X,-,-,-","-,X,X,O,O,O",2,2,"1,5","1,5,4,7,2","1,5","1,5,4,7,9",5,9,"2,6","2,6,5,1,3","-,5,7,-,-,-","-,5,7,0,0,0","-,D3,A3,-,-,-","-,D3,A3,G3,C4,E4","-,50,57,-,-,-","-,50,57,55,60,64",2
razuro,C,C,C,"-,R,-,R,R,-","-,X,-,X,X,-","-,X,O,X,X,O",3,3,"1,7,3","1,7,7,3,1","1,7,10","1,14,7,10,8",10,8,"3,2,5","3,2,2,5,3","-,7,-,7,7,-","-,7,0,7,7,0","-,E3,-,D4,G4,-","-,E3,D3,D4,G4,E4","-,52,-,62,67,-","-,52,50,62,67,64",9
razuro,C,C,C,"-,R,-,P,-,-","-,X,-,X,-,-","-,X,-,X,-,-",3,3,"1,1","1,1","1,8","1,8",8,8,"3,3","3,3","-,7,-,9,-,-","-,7,-,9,-,-","-,E3,-,E4,-,-","-,E3,-,E4,-,-","-,52,-,64,-,-","-,52,-,64,-,-",2
razuro,C,C,C,"-,R,R,-,-,-","-,X,X,-,-,-","-,X,X,O,O,O",3,3,"1,4","1,4,3,6,1","1,4","1,4,3,6,8",4,8,"3,6","3,6,5,1,3","-,7,7,-,-,-","-,7,7,0,0,0","-,E3,A3,-,-,-","-,E3,A3,G3,C4,E4","-,52,57,-,-,-","-,52,57,55,60,64",2
razuro,C,C,C,"R,-,P,-,-,-","X,-,X,-,-,-","X,-,X,O,O,O",3,3,"1,7","1,7,3,6,1","1,7","1,7,3,6,8",7,8,"3,2","3,2,5,1,3","11,-,12,-,-,-","11,-,12,0,0,0","E3,-,D4,-,-,-","E3,-,D4,G3,C4,E4","52,-,62,-,-,-","52,-,62,55,60,64",3
razuro,C,C,C,"R,-,P,-,P,-","X,-,X,-,X,-","X,-,X,O,X,O",3,3,"1,7,6","1,7,3,6,1","1,7,13","1,7,3,13,8",13,8,"3,2,1","3,2,5,1,3","11,-,12,-,12,-","11,-,12,0,12,0","E3,-,D4,-,C5,-","E3,-,D4,G3,C5,E4","52,-,62,-,72,-","52,-,62,55,72,64",12
razuro,C,C,C,"R,-,M,P,-,-","X,-,X,X,-,-","X,-,X,X,O,O",3,3,"1,5,3","1,5,3,6,1","1,5,10","1,5,10,6,8",10,8,"3,7,5","3,7,5,1,3","11,-,9,12,-,-","11,-,9,12,0,0","E3,-,B3,G4,-,-","E3,-,B3,G4,C4,E4","52,-,59,67,-,-","52,-,59,67,60,64",4
razuro,C,C,C,"R,-,M,R,-,-","X,-,X,X,-,-","X,-,X,X,O,O",4,4,"1,5,2","1,5,2,5,7","1,5,9","1,5,9,5,7",9,7,"4,1,5","4,1,5,1,3","12,-,10,12,-,-","12,-,10,12,0,0","F3,-,C4,G4,-,-","F3,-,C4,G4,C4,E4","53,-,60,67,-,-","53,-,60,67,60,64",4
razuro,C,C,C,"R,-,-,-,-,P","X,-,-,-,-,X","X,O,O,O,O,X",5,5,"1,1","1,2,5,1,4,1","1,1","1,2,5,8,11,1",1,1,"5,5","5,6,2,5,1,5","2,-,-,-,-,3","2,0,0,0,0,3","G2,-,-,-,-,G4","G2,A2,D3,G3,C4,G4","43,-,-,-,-,67","43,45,50,55,60,67",8
razuro,C,C,C,"R,-,P,-,-,-","X,-,X,-,-,-","X,-,X,O,O,O",5#,5#,"1#,1","1#,1,1,4,6","1#,1","1#,1,1,11,13",1,13,"5#,5","5#,5,5,1,3","3,-,5,-,-,-","3,-,5,0,0,0","G#2,-,G3,-,-,-","G#2,-,G3,G3,C4,E4","44,-,55,-,-,-","44,-,55,55,60,64",23
razuro,C,C,C,"R,-,M,R,-,-","X,-,X,X,-,-","X,-,X,X,O,O",6,6,"1,5,2","1,5,2,3,5","1,5,9","1,5,9,10,12",9,12,"6,3,7","6,3,7,1,3","4,-,2,4,-,-","4,-,2,4,0,0","A2,-,E3,B3,-,-","A2,-,E3,B3,C4,E4","45,-,52,59,-,-","45,-,52,59,60,64",10
razuro,C,C,C,"R,-,P,-,-,-","X,-,X,-,-,-","X,-,X,O,O,O",6,6,"1,7","1,7,7,3,5","1,7","1,7,7,10,12",7,12,"6,5","6,5,5,1,3","4,-,5,-,-,-","4,-,5,0,0,0","A2,-,G3,-,-,-","A2,-,G3,G3,C4,E4","45,-,55,-,-,-","45,-,55,55,60,64",5
razuro,C,C,C,"R,-,M,R,-,-","X,-,X,X,-,-","X,-,X,X,O,O",1,1,"1,5,2","1,5,2,1,3","1,5,9","1,5,9,8,10",9,10,"1,5,2","1,5,2,1,3","7,-,5,7,-,-","7,-,5,7,0,0","C3,-,G3,D4,-,-","C3,-,G3,D4,C4,E4","48,-,55,62,-,-","48,-,55,62,60,64",8
razuro,C,C,C,"R,-,P,-,-,-","X,-,X,-,-,-","X,-,X,O,O,O",2,2,"1,7","1,7,4,7,2","1,7","1,7,4,7,9",7,9,"2,1","2,1,5,1,3","9,-,10,-,-,-","9,-,10,0,0,0","D3,-,C4,-,-,-","D3,-,C4,G3,C4,E4","50,-,60,-,-,-","50,-,60,55,60,64",4
watashitachi,C,C,C,"-,-,-,-,-,R","-,-,-,-,-,X","O,O,O,O,O,X",2,4,1,"1,3,6,2,5,6",1,"1,3,6,9,12,6",1,6,2,"4,6,2,5,1,2","-,-,-,-,-,10","0,0,0,0,0,10","-,-,-,-,-,D5","F2,A2,D3,G3,C4,D5","-,-,-,-,-,74","41,45,50,55,60,74",4
watashitachi,C,C,C,"-,-,-,-,-,R","-,-,-,-,-,X","O,O,-,O,-,X",3,4,1,"1,3,2,7",1,"1,3,9,7",1,7,3,"4,6,5,3","-,-,-,-,-,12","0,0,-,0,-,12","-,-,-,-,-,E5","F2,A2,-,G3,-,E5","-,-,-,-,-,76","41,45,-,55,-,76",8
watashitachi,C,C,C,"-,-,-,-,R,-","-,-,-,-,X,-","O,O,O,O,X,O",7,4,1,"1,3,6,2,4,7",1,"1,3,6,9,4,14",1,14,7,"4,6,2,5,7,3","-,-,-,-,11,-","0,0,0,0,11,0","-,-,-,-,B4,-","F2,A2,D3,G3,B4,E4","-,-,-,-,71,-","41,45,50,55,71,64",16
watashitachi,C,C,C,"-,-,-,-,R,-","-,-,-,-,X,-","O,O,O,O,X,O",6,4,1,"1,3,6,2,3,7",1,"1,3,6,9,3,14",1,14,6,"4,6,2,5,6,3","-,-,-,-,9,-","0,0,0,0,9,0","-,-,-,-,A4,-","F2,A2,D3,G3,A4,E4","-,-,-,-,69,-","41,45,50,55,69,64",12
watashitachi,C,C,C,"-,-,-,R,-,-","-,-,-,X,-,-","O,O,O,X,O,O",5,4,1,"1,3,6,2,5,7",1,"1,3,6,2,12,14",1,14,5,"4,6,2,5,1,3","-,-,-,12,-,-","0,0,0,12,0,0","-,-,-,G4,-,-","F2,A2,D3,G4,C4,E4","-,-,-,67,-,-","41,45,50,67,60,64",24
watashitachi,C,C,C,"-,-,-,R,M,-","-,-,-,X,X,-","-,-,-,X,X,-",2,2,"1,1","1,1","1,1","1,1",1,1,"2,2","2,2","-,-,-,7,2,-","-,-,-,7,2,-","-,-,-,D4,D4,-","-,-,-,D4,D4,-","-,-,-,62,62,-","-,-,-,62,62,-",2
watashitachi,C,C,C,"-,-,-,R,R,-","-,-,-,X,X,-","-,-,-,X,X,-",2,2,"1,4","1,4","1,4","1,4",4,4,"2,5","2,5","-,-,-,7,7,-","-,-,-,7,7,-","-,-,-,D4,G4,-","-,-,-,D4,G4,-","-,-,-,62,67,-","-,-,-,62,67,-",4
watashitachi,C,C,C,"-,-,R,-,-,-","-,-,X,-,-,-","O,O,X,O,O,O",3,4,1,"1,3,7,2,5,7",1,"1,3,7,9,12,14",1,14,3,"4,6,3,5,1,3","-,-,2,-,-,-","0,0,2,0,0,0","-,-,E3,-,-,-","F2,A2,E3,G3,C4,E4","-,-,52,-,-,-","41,45,52,55,60,64",32
watashitachi,C,C,C,"-,-,R,PP,-,P","-,-,X,X,-,X","-,O,X,X,O,X",3,6,"1,5,3","1,5,2,3,7","1,5,10","1,5,9,10,14",10,14,"3,7,5","6,3,7,1,5","-,-,2,4,-,3","-,0,2,4,0,3","-,-,E3,B3,-,G4","-,A2,E3,B3,C4,G4","-,-,52,59,-,67","-,45,52,59,60,67",3
watashitachi,C,C,C,"-,-,R,-,-,M","-,-,X,-,-,X","O,O,X,O,O,X",5,4,"1,1","1,3,2,2,5,2","1,8","1,3,9,9,12,2",8,2,"5,5","4,6,5,5,1,5","-,-,5,-,-,3","0,0,5,0,0,3","-,-,G3,-,-,G4","F2,A2,G3,G3,C4,G4","-,-,55,-,-,67","41,45,55,55,60,67",8
watashitachi,C,C,C,"-,-,R,-,-,-","-,-,X,-,-,-","O,O,X,-,O,O",6,4,1,"1,3,3,5,7",1,"1,3,10,12,14",1,14,6,"4,6,6,1,3","-,-,7,-,-,-","0,0,7,-,0,0","-,-,A3,-,-,-","F2,A2,A3,-,C4,E4","-,-,57,-,-,-","41,45,57,-,60,64",1
watashitachi,C,C,C,"-,-,R,-,-,R","-,-,X,-,-,X","-,-,X,-,O,X",6,6,"1,2","1,3,2","1,9","1,3,9",9,9,"6,7","6,1,7","-,-,7,-,-,7","-,-,7,-,0,7","-,-,A3,-,-,B4","-,-,A3,-,C4,B4","-,-,57,-,-,71","-,-,57,-,60,71",8
watashitachi,C,C,C,"-,-,R,P,-,-","-,-,X,X,-,-","O,O,X,X,O,O",6,4,"1,6","1,3,3,1,5,7","1,6","1,3,10,1,12,14",6,14,"6,4","4,6,6,4,1,3","-,-,7,10,-,-","0,0,7,10,0,0","-,-,A3,F4,-,-","F2,A2,A3,F4,C4,E4","-,-,57,65,-,-","41,45,57,65,60,64",7
watashitachi,C,C,C,"-,-,R,P,-,-","-,-,X,X,-,-","-,O,X,X,O,O",6,6,"1,5","1,1,5,3,5","1,5","1,8,12,10,12",5,12,"6,3","6,6,3,1,3","-,-,7,9,-,-","-,0,7,9,0,0","-,-,A3,E4,-,-","-,A2,A3,E4,C4,E4","-,-,57,64,-,-","-,45,57,64,60,64",3
watashitachi,C,C,C,"-,-,R,P,-,-","-,-,X,X,-,-","O,O,X,X,O,O",6,4,"1,5","1,3,3,7,5,7","1,5","1,3,10,14,12,14",5,14,"6,3","4,6,6,3,1,3","-,-,7,9,-,-","0,0,7,9,0,0","-,-,A3,E4,-,-","F2,A2,A3,E4,C4,E4","-,-,57,64,-,-","41,45,57,64,60,64",19
watashitachi,C,C,C,"-,R,-,-,-,-","-,X,-,-,-,-","O,X,O,O,O,O",7,4,1,"1,4,6,2,5,7",1,"1,4,6,9,12,14",1,14,7,"4,7,2,5,1,3","-,2,-,-,-,-","0,2,0,0,0,0","-,B2,-,-,-,-","F2,B2,D3,G3,C4,E4","-,47,-,-,-,-","41,47,50,55,60,64",32
watashitachi,C,C,C,"-,R,-,-,-,-","-,X,-,-,-,-","-,X,O,O,O,O",1,1,1,"1,2,5,1,3",1,"1,2,5,8,10",1,10,1,"1,2,5,1,3","-,3,-,-,-,-","-,3,0,0,0,0","-,C3,-,-,-,-","-,C3,D3,G3,C4,E4","-,48,-,-,-,-","-,48,50,55,60,64",2
watashitachi,C,C,C,"-,R,-,-,-,-","-,X,-,-,-,-","O,X,O,O,-,-",1,4,1,"1,5,6,2",1,"1,5,6,9",1,9,1,"4,1,2,5","-,3,-,-,-,-","0,3,0,0,-,-","-,C3,-,-,-,-","F2,C3,D3,G3,-,-","-,48,-,-,-,-","41,48,50,55,-,-",4
watashitachi,C,C,C,"-,R,-,-,-,-","-,X,-,-,-,-","O,X,O,O,O,O",1,4,1,"1,5,6,2,5,7",1,"1,5,6,9,12,14",1,14,1,"4,1,2,5,1,3","-,3,-,-,-,-","0,3,0,0,0,0","-,C3,-,-,-,-","F2,C3,D3,G3,C4,E4","-,48,-,-,-,-","41,48,50,55,60,64",65
watashitachi,C,C,C,"-,R,-,-,-,R","-,X,-,-,-,X","-,X,O,O,O,X",1,1,"1,5","1,2,5,1,5","1,12","1,2,5,8,12",12,12,"1,5","1,2,5,1,5","-,3,-,-,-,3","-,3,0,0,0,3","-,C3,-,-,-,G4","-,C3,D3,G3,C4,G4","-,48,-,-,-,67","-,48,50,55,60,67",2
watashitachi,C,C,C,"-,R,-,-,M,-","-,X,-,-,X,-","-,X,O,O,X,O",1,1,"1,2","1,2,5,2,3","1,9","1,2,5,9,10",9,10,"1,2","1,2,5,2,3","-,3,-,-,2,-","-,3,0,0,2,0","-,C3,-,-,D4,-","-,C3,D3,G3,D4,E4","-,48,-,-,62,-","-,48,50,55,62,64",2
watashitachi,C,C,C,"-,R,-,-,P,-","-,X,-,-,X,-","-,X,O,O,X,O",1,1,"1,3","1,2,5,3,3","1,10","1,2,5,10,10",10,10,"1,3","1,2,5,3,3","-,3,-,-,4,-","-,3,0,0,4,0","-,C3,-,-,E4,-","-,C3,D3,G3,E4,E4","-,48,-,-,64,-","-,48,50,55,64,64",2
watashitachi,C,C,C,"-,R,P,-,-,-","-,X,X,-,-,-","-,X,X,O,O,-",1,1,"1,5","1,5,5,1","1,5","1,5,5,8",5,8,"1,5","1,5,5,1","-,3,5,-,-,-","-,3,5,0,0,-","-,C3,G3,-,-,-","-,C3,G3,G3,C4,-","-,48,55,-,-,-","-,48,55,55,60,-",2
watashitachi,C,C,C,"-,R,-,-,-,-","-,X,-,-,-,-","-,X,O,O,O,O",2,2,1,"1,1,4,7,2",1,"1,1,4,7,9",1,9,2,"2,2,5,1,3","-,5,-,-,-,-","-,5,0,0,0,0","-,D3,-,-,-,-","-,D3,D3,G3,C4,E4","-,50,-,-,-,-","-,50,50,55,60,64",12
watashitachi,C,C,C,"-,R,-,-,-,-","-,X,-,-,-,-","-,X,O,O,O,O",3,3,1,"1,7,3,6,1",1,"1,14,3,6,8",1,8,3,"3,2,5,1,3","-,7,-,-,-,-","-,7,0,0,0,0","-,E3,-,-,-,-","-,E3,D3,G3,C4,E4","-,52,-,-,-,-","-,52,50,55,60,64",36
watashitachi,C,C,C,"-,R,-,-,-,R","-,X,-,-,-,X","-,X,O,O,O,X",3,3,"1,5","1,7,3,6,5","1,12","1,14,3,6,12",12,12,"3,7","3,2,5,1,7","-,7,-,-,-,7","-,7,0,0,0,7","-,E3,-,-,-,B4","-,E3,D3,G3,C4,B4","-,52,-,-,-,71","-,52,50,55,60,71",12
watashitachi,C,C,C,"-,R,-,-,R,-","-,X,-,-,X,-","-,X,O,O,X,O",3,3,"1,3","1,7,3,3,1","1,10","1,14,3,10,8",10,8,"3,5","3,2,5,5,3","-,7,-,-,7,-","-,7,0,0,7,0","-,E3,-,-,G4,-","-,E3,D3,G3,G4,E4","-,52,-,-,67,-","-,52,50,55,67,64",12
watashitachi,C,C,C,"-,R,-,-,R,-","-,X,-,-,X,-","O,X,O,O,X,O",3,4,"1,3","1,7,6,2,2,7","1,10","1,7,6,9,2,14",10,14,"3,5","4,3,2,5,5,3","-,7,-,-,7,-","0,7,0,0,7,0","-,E3,-,-,G4,-","F2,E3,D3,G3,G4,E4","-,52,-,-,67,-","41,52,50,55,67,64",2
watashitachi,C,C,C,"-,R,P,-,-,-","-,X,X,-,-,-","O,X,X,O,O,O",3,4,"1,5","1,7,4,2,5,7","1,5","1,7,11,9,12,14",5,14,"3,7","4,3,7,5,1,3","-,7,9,-,-,-","0,7,9,0,0,0","-,E3,B3,-,-,-","F2,E3,B3,G3,C4,E4","-,52,59,-,-,-","41,52,59,55,60,64",2
watashitachi,C,C,C,"-,R,-,-,-,-","-,X,-,-,-,-","O,X,O,O,O,O",4,4,1,"1,1,6,2,5,7",1,"1,8,6,9,12,14",1,14,4,"4,4,2,5,1,3","-,8,-,-,-,-","0,8,0,0,0,0","-,F3,-,-,-,-","F2,F3,D3,G3,C4,E4","-,53,-,-,-,-","41,53,50,55,60,64",36
watashitachi,C,C,C,"-,R,-,-,M,-","-,X,-,-,X,-","O,X,O,O,X,O",4,4,"1,2","1,1,6,2,2,7","1,9","1,8,6,9,2,14",9,14,"4,5","4,4,2,5,5,3","-,8,-,-,7,-","0,8,0,0,7,0","-,F3,-,-,G4,-","F2,F3,D3,G3,G4,E4","-,53,-,-,67,-","41,53,50,55,67,64",12
watashitachi,C,C,C,"-,R,-,M,-,-","-,X,-,X,-,-","O,X,O,X,O,O",4,4,"1,6","1,1,6,6,5,7","1,6","1,8,6,13,12,14",6,14,"4,2","4,4,2,2,1,3","-,8,-,7,-,-","0,8,0,7,0,0","-,F3,-,D4,-,-","F2,F3,D3,D4,C4,E4","-,53,-,62,-,-","41,53,50,62,60,64",12
watashitachi,C,C,C,"-,R,M,P,-,-","-,X,X,X,-,-","-,X,X,X,O,O",4,4,"1,3,7","1,3,7,5,7","1,3,7","1,3,7,5,7",7,7,"4,6,3","4,6,3,1,3","-,8,7,9,-,-","-,8,7,9,0,0","-,F3,A3,E4,-,-","-,F3,A3,E4,C4,E4","-,53,57,64,-,-","-,53,57,64,60,64",2
watashitachi,C,C,C,"R,-,P,-,-,-","X,-,X,-,-,-","X,O,X,O,O,O",4#,4#,"1#,7","1#,3,7,2,5,7","1#,7","1#,3,7,9,12,14",7,14,"4#,3","4#,6,3,5,1,3","1,-,2,-,-,-","1,0,2,0,0,0","F#2,-,E3,-,-,-","F#2,A2,E3,G3,C4,E4","42,-,52,-,-,-","42,45,52,55,60,64",8
watashitachi,C,C,C,"R,-,-,-,-,-","X,-,-,-,-,-","X,O,O,O,O,O",2#,2#,1#,"1#,5,1,4,7,2",1#,"1#,12,8,4,7,9",1#,9,2#,"2#,6,2,5,1,3","10,-,-,-,-,-","10,0,0,0,0,0","D#3,-,-,-,-,-","D#3,A2,D3,G3,C4,E4","51,-,-,-,-,-","51,45,50,55,60,64",2
watashitachi,C,C,C,"R,-,-,-,-,-","X,-,-,-,-,-","X,O,O,O,O,O",3,3,1,"1,4,7,3,6,1",1,"1,11,14,3,6,8",1,8,3,"3,6,2,5,1,3","11,-,-,-,-,-","11,0,0,0,0,0","E3,-,-,-,-,-","E3,A2,D3,G3,C4,E4","52,-,-,-,-,-","52,45,50,55,60,64",18
watashitachi,C,C,C,"R,-,-,M,-,-","X,-,-,X,-,-","X,O,O,X,O,O",3,3,"1,1","1,4,7,1,6,1","1,8","1,11,14,8,6,8",8,8,"3,3","3,6,2,3,1,3","11,-,-,9,-,-","11,0,0,9,0,0","E3,-,-,E4,-,-","E3,A2,D3,E4,C4,E4","52,-,-,64,-,-","52,45,50,64,60,64",6
watashitachi,C,C,C,"R,-,M,-,-,-","X,-,X,-,-,-","X,O,X,O,O,O",3,3,"1,6","1,4,6,3,6,1","1,6","1,11,6,3,6,8",6,8,"3,1","3,6,1,5,1,3","11,-,10,-,-,-","11,0,10,0,0,0","E3,-,C4,-,-,-","E3,A2,C4,G3,C4,E4","52,-,60,-,-,-","52,45,60,55,60,64",6
watashitachi,C,C,C,"R,-,M,-,-,-","X,-,X,-,-,-","X,-,X,O,O,O",3,3,"1,5","1,5,3,6,1","1,5","1,5,3,6,8",5,8,"3,7","3,7,5,1,3","11,-,9,-,-,-","11,-,9,0,0,0","E3,-,B3,-,-,-","E3,-,B3,G3,C4,E4","52,-,59,-,-,-","52,-,59,55,60,64",8
watashitachi,C,C,C,"R,-,-,-,-,-","X,-,-,-,-,-","X,O,O,O,O,O",5,5,1,"1,2,5,1,4,6",1,"1,9,12,1,4,6",1,6,5,"5,6,2,5,1,3","14,-,-,-,-,-","14,0,0,0,0,0","G3,-,-,-,-,-","G3,A2,D3,G3,C4,E4","55,-,-,-,-,-","55,45,50,55,60,64",9
watashitachi,C,C,C,"R,-,-,-,-,-","X,-,-,-,-,-","X,O,O,O,O,O",5,5,1,"1,2,5,1,4,6",1,"1,2,5,8,11,13",1,13,5,"5,6,2,5,1,3","2,-,-,-,-,-","2,0,0,0,0,0","G2,-,-,-,-,-","G2,A2,D3,G3,C4,E4","43,-,-,-,-,-","43,45,50,55,60,64",44
watashitachi,C,C,C,"R,-,-,R,-,-","X,-,-,X,-,-","X,O,O,X,O,O",5,5,"1,2","1,2,5,2,4,6","1,9","1,2,5,9,11,13",9,13,"5,6","5,6,2,6,1,3","2,-,-,2,-,-","2,0,0,2,0,0","G2,-,-,A3,-,-","G2,A2,D3,A3,C4,E4","43,-,-,57,-,-","43,45,50,57,60,64",12
watashitachi,C,C,C,"R,-,R,-,-,-","X,-,X,-,-,-","X,O,X,O,O,O",5,5,"1,6","1,2,6,1,4,6","1,6","1,2,6,8,11,13",6,13,"5,3","5,6,3,5,1,3","2,-,2,-,-,-","2,0,2,0,0,0","G2,-,E3,-,-,-","G2,A2,E3,G3,C4,E4","43,-,52,-,-,-","43,45,52,55,60,64",20
watashitachi,C,C,C,"R,-,-,-,-,-","X,-,-,-,-,-","X,O,O,O,O,O",6,6,1,"1,1,4,7,3,5",1,"1,1,4,7,10,12",1,12,6,"6,6,2,5,1,3","4,-,-,-,-,-","4,0,0,0,0,0","A2,-,-,-,-,-","A2,A2,D3,G3,C4,E4","45,-,-,-,-,-","45,45,50,55,60,64",92
watashitachi,C,C,C,"R,-,-,M,-,-","X,-,-,X,-,-","X,O,O,X,O,O",6,6,"1,1","1,1,4,1,3,5","1,8","1,1,4,8,10,12",8,12,"6,6","6,6,2,6,1,3","4,-,-,2,-,-","4,0,0,2,0,0","A2,-,-,A3,-,-","A2,A2,D3,A3,C4,E4","45,-,-,57,-,-","45,45,50,57,60,64",12
watashitachi,C,C,C,"R,-,-,R,-,-","X,-,-,X,-,-","X,O,O,X,O,O",6,6,"1,2","1,1,4,2,3,5","1,9","1,1,4,9,10,12",9,12,"6,7","6,6,2,7,1,3","4,-,-,4,-,-","4,0,0,4,0,0","A2,-,-,B3,-,-","A2,A2,D3,B3,C4,E4","45,-,-,59,-,-","45,45,50,59,60,64",30
watashitachi,C,C,C,"R,-,M,-,-,-","X,-,X,-,-,-","X,-,X,O,O,O",6,6,"1,5","1,5,7,3,5","1,5","1,5,7,10,12",5,12,"6,3","6,3,5,1,3","4,-,2,-,-,-","4,-,2,0,0,0","A2,-,E3,-,-,-","A2,-,E3,G3,C4,E4","45,-,52,-,-,-","45,-,52,55,60,64",1
watashitachi,C,C,C,"R,M,-,-,-,-","X,X,-,-,-,-","X,X,O,O,O,O",6,6,"1,3","1,3,4,7,3,5","1,3","1,3,4,7,10,12",3,12,"6,1","6,1,2,5,1,3","4,3,-,-,-,-","4,3,0,0,0,0","A2,C3,-,-,-,-","A2,C3,D3,G3,C4,E4","45,48,-,-,-,-","45,48,50,55,60,64",32
watashitachi,C,C,C,"R,-,-,-,-,-","X,-,-,-,-,-","X,O,O,O,O,O",6#,6#,1#,"1#,1,4,7,3,5",1#,"1#,8,4,7,10,12",1#,12,6#,"6#,6,2,5,1,3","5,-,-,-,-,-","5,0,0,0,0,0","A#2,-,-,-,-,-","A#2,A2,D3,G3,C4,E4","46,-,-,-,-,-","46,45,50,55,60,64",2
watashitachi,C,C,C,"R,-,M,-,-,-","X,-,X,-,-,-","X,-,X,-,-,-",1,1,"1,5","1,5","1,5","1,5",5,5,"1,5","1,5","7,-,5,-,-,-","7,-,5,-,-,-","C3,-,G3,-,-,-","C3,-,G3,-,-,-","48,-,55,-,-,-","48,-,55,-,-,-",8
watashitachi,C,C,C,"R,-,M,-,-,-","X,-,X,-,-,-","X,-,X,O,-,-",1,1,"1,5","1,5,5","1,5","1,5,5",5,5,"1,5","1,5,5","7,-,5,-,-,-","7,-,5,0,-,-","C3,-,G3,-,-,-","C3,-,G3,G3,-,-","48,-,55,-,-,-","48,-,55,55,-,-",8
watashitachi,C,C,C,"R,-,M,-,-,-","X,-,X,-,-,-","X,-,X,O,O,-",1,1,"1,5","1,5,5,1","1,5","1,5,5,8",5,8,"1,5","1,5,5,1","7,-,5,-,-,-","7,-,5,0,0,-","C3,-,G3,-,-,-","C3,-,G3,G3,C4,-","48,-,55,-,-,-","48,-,55,55,60,-",8
watashitachi,C,C,C,"R,-,M,-,-,-","X,-,X,-,-,-","X,-,X,O,O,O",1,1,"1,5","1,5,5,1,3","1,5","1,5,5,8,10",5,10,"1,5","1,5,5,1,3","7,-,5,-,-,-","7,-,5,0,0,0","C3,-,G3,-,-,-","C3,-,G3,G3,C4,E4","48,-,55,-,-,-","48,-,55,55,60,64",13
watashitachi,C,C,C,"R,-,M,-,R,-","X,-,X,-,X,-","X,-,X,O,X,O",1,1,"1,5,5","1,5,5,5,3","1,5,12","1,5,5,12,10",12,10,"1,5,5","1,5,5,5,3","7,-,5,-,7,-","7,-,5,0,7,0","C3,-,G3,-,G4,-","C3,-,G3,G3,G4,E4","48,-,55,-,67,-","48,-,55,55,67,64",3
watashitachi,C,C,C,"R,-,R,-,-,-","X,-,X,-,-,-","X,-,X,O,O,O",1,1,"1,6","1,6,5,1,3","1,6","1,6,5,8,10",6,10,"1,6","1,6,5,1,3","7,-,7,-,-,-","7,-,7,0,0,0","C3,-,A3,-,-,-","C3,-,A3,G3,C4,E4","48,-,57,-,-,-","48,-,57,55,60,64",1
watashitachi,C,C,C,"R,R,R,R,M,R","X,X,X,X,X,X","X,X,X,X,X,X",1,1,"1,3,6,2,2,7","1,3,6,2,2,7","1,3,6,9,9,14","1,3,6,9,9,14",14,14,"1,3,6,2,2,7","1,3,6,2,2,7","7,7,7,7,2,7","7,7,7,7,2,7","C3,E3,A3,D4,D4,B4","C3,E3,A3,D4,D4,B4","48,52,57,62,62,71","48,52,57,62,62,71",2
watashitachi,C,C,C,"R,-,-,-,-,-","X,-,-,-,-,-","X,O,O,O,O,O",1#,1#,1#,"1#,6,2,5,1,3",1#,"1#,13,2,5,1,10",1#,10,1#,"1#,6,2,5,1,3","8,-,-,-,-,-","8,0,0,0,0,0","C#3,-,-,-,-,-","C#3,A2,D3,G3,C4,E4","49,-,-,-,-,-","49,45,50,55,60,64",2
watashitachi,C,C,C,"R,-,M,-,-,-","X,-,X,-,-,-","X,-,X,O,O,O",2,2,"1,5","1,5,4,7,2","1,5","1,5,4,7,9",5,9,"2,6","2,6,5,1,3","9,-,7,-,-,-","9,-,7,0,0,0","D3,-,A3,-,-,-","D3,-,A3,G3,C4,E4","50,-,57,-,-,-","50,-,57,55,60,64",2
watashitachi,C,C,C,"R,-,R,-,-,-","X,-,X,-,-,-","X,-,X,O,O,O",2,2,"1,6","1,6,4,7,2","1,6","1,6,4,7,9",6,9,"2,7","2,7,5,1,3","9,-,9,-,-,-","9,-,9,0,0,0","D3,-,B3,-,-,-","D3,-,B3,G3,C4,E4","50,-,59,-,-,-","50,-,59,55,60,64",1
